player_id,forty_yard,vertical_inches,broad_jump_in,three_cone,short_shuttle,bench_reps,speed_score,ras_score,source,updated_at
ROOKIE_2026_GERMIE_BERNARD,4.48,32.5,1005,6.71,4.31,,,,nflverse,2026-04-11 14:50:18.783
ROOKIE_2026_JAM_MILLER,4.42,30.5,907,,,,,,nflverse,2026-04-11 14:50:18.783
ROOKIE_2026_JOSH_CUEVAS,4.65,34,910,7.37,4.38,19,,,nflverse,2026-04-11 14:50:18.783
ROOKIE_2026_TY_SIMPSON,,,,,,,,,nflverse,2026-04-11 14:50:18.783
ROOKIE_2026_JORDYN_TYSON,,,,,,26,,,nflverse,2026-04-11 14:50:18.783
ROOKIE_2026_MIKE_WASHINGTON,4.33,39,1008,6.96,4.32,,,,nflverse,2026-04-11 14:50:18.783
ROOKIE_2026_TAYLEN_GREEN,4.36,43.5,1102,,,,,,nflverse,2026-04-11 14:50:18.783
ROOKIE_2026_JOSH_CAMERON,,,,,,,,,nflverse,2026-04-11 14:50:18.783
ROOKIE_2026_MICHAEL_TRIGG,,27.5,,,,,,,nflverse,2026-04-11 14:50:18.783
ROOKIE_2026_SAWYER_ROBERTSON,4.64,37.5,1003,,,,,,nflverse,2026-04-11 14:50:18.783
ROOKIE_2026_ALJAY_HENDERSON,4.51,29.5,908,5.74,4.33,23,,,nflverse,2026-04-11 14:50:18.783
ROOKIE_2026_CHASE_ROBERTS,4.64,37,1006,6.89,4.33,,,,nflverse,2026-04-11 14:50:18.783
ROOKIE_2026_JEFF_CALDWELL,4.31,42,1102,,,,,,nflverse,2026-04-11 14:50:18.783
ROOKIE_2026_JOE_ROYER,,,,,,,,,nflverse,2026-04-11 14:50:18.783
ROOKIE_2026_ADAM_RANDALL,4.5,37,1004,,4.53,26,,,nflverse,2026-04-11 14:50:18.783
ROOKIE_2026_ANTONIO_WILLIAMS,4.41,39.5,1004,7.0,4.1,10,,,nflverse,2026-04-11 14:50:18.784
ROOKIE_2026_CADE_KLUBNIK,4.7,8.3,,,,,,,nflverse,2026-04-11 14:50:18.784
ROOKIE_2026_J_STURDIVANT,4.4,39,1011,,,,,,nflverse,2026-04-11 14:50:18.784
ROOKIE_2026_COLBIE_YOUNG,4.49,33,,,,18,,,nflverse,2026-04-11 14:50:18.784
ROOKIE_2026_DILLON_BELL,4.5,39,1006,,,16,,,nflverse,2026-04-11 14:50:18.784
ROOKIE_2026_OSCAR_DELP,4.49,38,1005,,,23,,,nflverse,2026-04-11 14:50:18.784
ROOKIE_2026_ZACHARIAH_BRANCH,4.35,38,1005,,,20,,,nflverse,2026-04-11 14:50:18.784
ROOKIE_2026_NOACH_THOMAS,4.6,31,911,7.28,4.4,,,,nflverse,2026-04-11 14:50:18.784
ROOKIE_2026_TED_HURST,4.42,36.5,1103,,,,,,nflverse,2026-04-11 14:50:18.784
ROOKIE_2026_ERIC_RIVERS,4.35,37,1007,,,,,,nflverse,2026-04-11 14:50:18.784
ROOKIE_2026_HAYNES_KING,4.46,33.5,908,6.89,4.17,,,,nflverse,2026-04-11 14:50:18.784
ROOKIE_2026_JAMAL_HAYNES,4.52,36,1001,7.15,4.28,21,,,nflverse,2026-04-11 14:50:18.784
ROOKIE_2026_DEAN_CONNORS,4.45,39.5,1002,6.95,4.29,21,,,nflverse,2026-04-11 14:50:18.784
ROOKIE_2026_TANNER_KOZIOL,4.7,36.5,1002,,,,,,nflverse,2026-04-11 14:50:18.784
ROOKIE_2026_LUKE_ALTMYER,4.72,32,906,,,,,,nflverse,2026-04-11 14:50:18.784
ROOKIE_2026_JALEN_WALTHALL,4.57,35,1011,7.03,4.39,,,,nflverse,2026-04-11 14:50:18.784
ROOKIE_2026_ELIJAH_SARRATT,4.53,33.5,1004,7.01,4.38,12,,,nflverse,2026-04-11 14:50:18.784
ROOKIE_2026_FERNANDO_MENDOZA,,,,,,,,,nflverse,2026-04-11 14:50:18.784
ROOKIE_2026_OMAR_COOPER,4.47,37,,,,,,,nflverse,2026-04-11 14:50:18.784
ROOKIE_2026_RILEY_NOWAKOWSKI,4.66,33.5,911,7.43,4.61,,,,nflverse,2026-04-11 14:50:18.784
ROOKIE_2026_ROMAN_HEMBY,4.54,35.5,1005,,4.52,15,,,nflverse,2026-04-11 14:50:18.784
ROOKIE_2026_KADEN_WETJEN,4.47,35.5,,6.95,4.44,,,,nflverse,2026-04-11 14:50:18.784
ROOKIE_2026_JALON_DANIELS,4.65,,,,,,,,nflverse,2026-04-11 14:50:18.784
ROOKIE_2026_EMMANUEL_HENDERSON,4.44,35,1000,7.34,4.33,,,,nflverse,2026-04-11 14:50:18.784
ROOKIE_2026_KENDRICK_LAW,4.45,42,1008,,,21,,,nflverse,2026-04-11 14:50:18.785
ROOKIE_2026_SETH_MCGOWAN,4.49,42.5,1011,,4.5,,,,nflverse,2026-04-11 14:50:18.785
ROOKIE_2026_CAULLIN_LACY,4.55,33.5,908,,,,,,nflverse,2026-04-11 14:50:18.785
ROOKIE_2026_CHRIS_BELL,,,,,,,,,nflverse,2026-04-11 14:50:18.785
ROOKIE_2026_MILLER_MOSS,,32,807,,,,,,nflverse,2026-04-11 14:50:18.785
ROOKIE_2026_AARON_ANDERSON,4.58,30,905,7.33,4.7,15,,,nflverse,2026-04-11 14:50:18.785
ROOKIE_2026_BARION_BROWN,4.4,32,910,,,,,,nflverse,2026-04-11 14:50:18.785
ROOKIE_2026_BAUER_SHARP,4.63,35,1000,7.05,4.3,20,,,nflverse,2026-04-11 14:50:18.785
ROOKIE_2026_CHRIS_HILTON,4.41,34.5,1002,7.25,4.41,,,,nflverse,2026-04-11 14:50:18.785
ROOKIE_2026_GARRETT_NUSSMEIER,,,,,,,,,nflverse,2026-04-11 14:50:18.785
ROOKIE_2026_ZAVION_THOMAS,4.28,36,901,7.4,4.45,,,,nflverse,2026-04-11 14:50:18.785
ROOKIE_2026_CARSON_BECK,,,,,,,,,nflverse,2026-04-11 14:50:18.785
ROOKIE_2026_CJ_DANIELS,4.58,34.5,1003,7.03,4.27,,,,nflverse,2026-04-11 14:50:18.785
ROOKIE_2026_DONAVEN_MCCULLEY,4.76,33,908,7.09,4.38,,,,nflverse,2026-04-11 14:50:18.785
ROOKIE_2026_MARLIN_KLEIN,4.61,36,909,7.42,,,,,nflverse,2026-04-11 14:50:18.785
ROOKIE_2026_MAX_BREDESON,,,,,,,,,nflverse,2026-04-11 14:50:18.785
ROOKIE_2026_JACK_VELLING,4.85,31.5,907,7.19,4.64,,,,nflverse,2026-04-11 14:50:18.785
ROOKIE_2026_HARRISON_WALLACE,4.54,35,1002,7.01,4.34,,,,nflverse,2026-04-11 14:50:18.785
ROOKIE_2026_BRENEN_THOMPSON,4.26,,,,,,,,nflverse,2026-04-11 14:50:18.785
ROOKIE_2026_KEVIN_COLEMAN,4.49,38.5,1006,,,,,,nflverse,2026-04-11 14:50:18.785
ROOKIE_2026_JUSTIN_JOLY,,30.5,906,,4.65,,,,nflverse,2026-04-11 14:50:18.785
ROOKIE_2026_EMMETT_JOHNSON,4.56,35.5,1000,7.32,4.29,16,,,nflverse,2026-04-11 14:50:18.785
ROOKIE_2026_BRYCE_LANCE,4.34,41.5,1101,7.0,4.15,,,,nflverse,2026-04-11 14:50:18.785
ROOKIE_2026_COLE_PAYTON,4.56,40,1010,7.12,4.36,,,,nflverse,2026-04-11 14:50:18.785
ROOKIE_2026_ELI_RARIDON,4.62,36,1003,7.16,4.38,20,,,nflverse,2026-04-11 14:50:18.785
ROOKIE_2026_JADARIAN_PRICE,4.49,35,1004,,4.26,21,,,nflverse,2026-04-11 14:50:18.786
ROOKIE_2026_JEREMIYAH_LOVE,4.36,,,,,,,,nflverse,2026-04-11 14:50:18.786
ROOKIE_2026_MALACHI_FIELDS,4.61,38,1004,6.98,4.35,15,,,nflverse,2026-04-11 14:50:18.786
ROOKIE_2026_CARNELL_TATE,4.53,,,,,,,,nflverse,2026-04-11 14:50:18.786
ROOKIE_2026_CJ_DONALDSON,4.61,36.5,1000,7.22,4.53,14,,,nflverse,2026-04-11 14:50:18.786
ROOKIE_2026_MAX_KLARE,,,,,,,,,nflverse,2026-04-11 14:50:18.786
ROOKIE_2026_WILL_KACZMAREK,4.74,36,911,7.34,4.47,18,,,nflverse,2026-04-11 14:50:18.786
ROOKIE_2026_DEION_BURKS,4.3,42.5,1011,7.21,4.22,26,,,nflverse,2026-04-11 14:50:18.786
ROOKIE_2026_JAYDN_OTT,4.49,40.5,1011,7.21,4.28,16,,,nflverse,2026-04-11 14:50:18.786
ROOKIE_2026_JAREN_KANAK,4.27,36,911,7.21,4.27,24,,,nflverse,2026-04-11 14:50:18.786
ROOKIE_2026_DAEQUAN_WRIGHT,,,,,,,,,nflverse,2026-04-11 14:50:18.786
ROOKIE_2026_DEZHAUN_STRIBLING,4.36,36,1007,6.99,4.36,,,,nflverse,2026-04-11 14:50:18.786
ROOKIE_2026_KENYON_SADIQ,4.39,43.5,1102,,,26,,,nflverse,2026-04-11 14:50:18.786
ROOKIE_2026_MALIK_BENSON,4.37,32.5,1002,7.12,4.45,,,,nflverse,2026-04-11 14:50:18.786
ROOKIE_2026_NOAH_WHITTINGTON,,,,,,24,,,nflverse,2026-04-11 14:50:18.786
ROOKIE_2026_DREW_ALLAR,,,,,,,,,nflverse,2026-04-11 14:50:18.786
ROOKIE_2026_KAYTRON_ALLEN,,,,,,,,,nflverse,2026-04-11 14:50:18.786
ROOKIE_2026_NICHOLAS_SINGLETON,,,,,,25,,,nflverse,2026-04-11 14:50:18.786
ROOKIE_2026_DESMOND_REID,4.58,35,1000,7.2,4.27,,,,nflverse,2026-04-11 14:50:18.786
ROOKIE_2026_JORDAN_HUDSON,4.58,32,1002,7.24,4.4,,,,nflverse,2026-04-11 14:50:18.786
ROOKIE_2026_MATTHEW_HIBNER,4.57,37,908,7.35,4.37,28,,,nflverse,2026-04-11 14:50:18.786
ROOKIE_2026_RJ_MARYLAND,4.51,33,1002,,4.37,16,,,nflverse,2026-04-11 14:50:18.786
ROOKIE_2026_RAHSUL_FAISON,4.62,37.5,1002,,4.26,14,,,nflverse,2026-04-11 14:50:18.786
ROOKIE_2026_SAM_ROUSH,4.7,38.5,1006,7.08,4.37,25,,,nflverse,2026-04-11 14:50:18.786
ROOKIE_2026_DJ_ROGERS,4.85,31.5,1000,7.03,4.33,15,,,nflverse,2026-04-11 14:50:18.787
ROOKIE_2026_ERIC_MCALISTER,4.53,28.5,911,,,,,,nflverse,2026-04-11 14:50:18.787
ROOKIE_2026_CHRIS_BRAZZELL,4.37,,,,,,,,nflverse,2026-04-11 14:50:18.787
ROOKIE_2026_JOEY_AGUILAR,,,,,,,,,nflverse,2026-04-11 14:50:18.787
ROOKIE_2026_MILES_KITSELMAN,4.9,34.5,908,,,,,,nflverse,2026-04-11 14:50:18.787
ROOKIE_2026_JACK_ENDRIES,4.62,36,911,7.28,4.47,,,,nflverse,2026-04-11 14:50:18.787
ROOKIE_2026_KC_CONCEPCION,,,,,,,,,nflverse,2026-04-11 14:50:18.787
ROOKIE_2026_LEVEON_MOSS,4.58,31.5,911,,,16,,,nflverse,2026-04-11 14:50:18.787
ROOKIE_2026_NATE_BOERKIRCHER,4.78,32,,7.02,4.4,,,,nflverse,2026-04-11 14:50:18.787
ROOKIE_2026_BEHREN_MORTON,4.89,30.5,905,7.17,4.44,,,,nflverse,2026-04-11 14:50:18.787
ROOKIE_2026_CALEB_DOUGLAS,4.39,31.5,1006,,,,,,nflverse,2026-04-11 14:50:18.787
ROOKIE_2026_REGGIE_VIRGIL,4.57,36,1007,,,,,,nflverse,2026-04-11 14:50:18.787
ROOKIE_2026_CHIP_TRAYANUM,4.5,37,911,7.08,4.25,27,,,nflverse,2026-04-11 14:50:18.787
ROOKIE_2026_JOE_FAGNANO,4.83,35,910,,4.35,,,,nflverse,2026-04-11 14:50:18.787
ROOKIE_2026_SKYLER_BELL,4.4,41,1101,6.65,4.11,,,,nflverse,2026-04-11 14:50:18.787
ROOKIE_2026_JAKOBI_LANE,4.47,40,1009,,,11,,,nflverse,2026-04-11 14:50:18.787
ROOKIE_2026_MAKAI_LEMON,4.53,,,,,,,,nflverse,2026-04-11 14:50:18.787
ROOKIE_2026_LAKE_MCREE,4.82,31.5,903,7.25,4.68,22,,,nflverse,2026-04-11 14:50:18.787
ROOKIE_2026_DALLEN_BENTLEY,4.62,35,910,7.0,4.42,24,,,nflverse,2026-04-11 14:50:18.787
ROOKIE_2026_ROBERT_HENRY,4.52,37,1004,,4.31,,,,nflverse,2026-04-11 14:50:18.787
ROOKIE_2026_DIEGO_PAVIA,4.83,,,,4.38,,,,nflverse,2026-04-11 14:50:18.787
ROOKIE_2026_ELI_STOWERS,4.51,45.5,1103,,,,,,nflverse,2026-04-11 14:50:18.787
ROOKIE_2026_JMARI_TAYLOR,4.66,34.5,907,,4.87,20,,,nflverse,2026-04-11 14:50:18.787
ROOKIE_2026_DEMOND_CLAIBORNE,4.37,,1002,,,,,,nflverse,2026-04-11 14:50:18.787
ROOKIE_2026_DENZEL_BOSTON,,35,,6.8,4.28,,,,nflverse,2026-04-11 14:50:18.787
ROOKIE_2026_JONAH_COLEMAN,,,,,,22,,,nflverse,2026-04-11 14:50:18.788
ROOKIE_2026_VINNY_ANTHONY,4.54,34.5,907,6.8,4.07,20,,,nflverse,2026-04-11 14:50:18.788
ROOKIE_2026_JOHN_GYLLENBORG,4.6,35.5,1008,,4.22,,,,nflverse,2026-04-11 14:50:18.788
ROOKIE_2026_CARSEN_RYAN,4.71,33.5,907,6.97,4.22,23,,,nflverse,2026-04-11 14:50:18.788
ROOKIE_2026_LEWIS_BOND,4.59,35,1003,7.13,4.34,15,,,nflverse,2026-04-11 14:50:18.788
ROOKIE_2026_CYRUS_ALLEN,4.49,36,1100,6.9,4.17,14,,,nflverse,2026-04-11 14:50:18.788
