,List compiled by @NFLDraft_Westen (Twitter).  Please consider following to support his work.  DM for player additions and updates as needed.,,,,,,,,,,,,,Updated: 4/7/2026 @9AM ET,,
,All athletic results are accessed from ras.football.  Please follow @mathbomb and support his work.,,,,,,,,,,,,,,,
PLAYER,COLLEGE,Pro Day Date,POS,SOURCE,HEIGHT,WEIGHT,ARM,HAND,40 (O),10 (O),BENCH,VERT,BROAD,SHUTTLE,3 CONE,RAS
,,,,,,,,,,,,,,,,
Deontae Lawson,Alabama,3/25/2026,LB,Pro Day/Combine,6027,226,3178,0928,,,20,,,,,
Domani Jackson,Alabama,3/25/2026,CB,Pro Day/Combine,6005,194,3118,0918,4.41,1.58,19,33.5,,,,9.00
Germie Bernard,Alabama,3/25/2026,WR,Pro Day/Combine,6005,206,3038,0978,4.48,1.52,,32.5,1005,4.31,6.71,9.06
Jaeden Roberts,Alabama,3/25/2026,OG,Pro Day/Combine,6046,333,3338,1028,5.26,1.85,25,,,,,7.84
Jam Miller,Alabama,3/25/2026,RB,Pro Day/Combine,5096,209,3038,0868,4.42,1.53,,30.5,907,,,7.16
Josh Cuevas,Alabama,3/25/2026,TE,Pro Day/Combine,6030,245,3058,0958,4.65,1.64,19,34.0,910,4.38,7.37,7.20
Justin Jefferson,Alabama,3/25/2026,LB,Pro Day/Combine,6003,223,3158,1000,4.57,1.59,,38.5,1005,4.25,6.81,9.22
Kadyn Proctor,Alabama,3/25/2026,OT,Pro Day/Combine,6065,352,3338,0968,5.22,1.84,25,32.5,901,4.78,7.78,8.77
LT Overton,Alabama,3/25/2026,ED,Pro Day/Combine,6030,274,3328,1058,4.87,1.7,,26.0,900,4.75,7.61,2.45
Parker Brailsford,Alabama,3/25/2026,OC,Pro Day/Combine,6020,289,3200,0968,4.95,1.7,27,32.5,910,4.72,,8.66
Tim Keenan III,Alabama,3/25/2026,DL,Pro Day/Combine,6010,327,3048,0858,5.31,1.83,21,30.0,804,,,2.75
Ty Simpson,Alabama,3/25/2026,QB,Pro Day/Combine,6010,211,3078,0938,,,,,,,,
Dalton Johnson,Arizona,3/25/2026,S,Pro Day/Combine,5111,192,3078,0918,4.41,1.59,,36.0,911,4.53,7.07,5.95
Genesis Smith,Arizona,3/25/2026,S,Pro Day/Combine,6015,202,3248,0878,4.50,1.53,16,42.5,1008,4.18,7.03,9.75
Treydan Stukes,Arizona,3/25/2026,S,Pro Day/Combine,6010,190,3268,0848,4.33,1.5,,38.0,1010,,,9.95
Jordyn Tyson,Arizona State,3/27/2026,WR,Pro Day/Combine,6016,203,3028,0918,,,26,,,,,
Keith Abney II,Arizona State,3/27/2026,CB,Pro Day/Combine,5097,187,3000,0958,4.48,1.57,,,,4.38,6.91,6.32
Keyshawn Elliott,Arizona State,3/27/2026,LB,Pro Day/Combine,6016,231,3128,0928,4.58,1.66,21,38.0,1005,4.28,7.02,8.73
Max Iheanachor,Arizona State,3/27/2026,OT,Pro Day/Combine,6056,321,3378,0900,4.91,1.73,25,30.5,907,,,9.86
Cameron Ball,Arkansas,3/13/2026,DT,Pro Day/Combine,6035,310,3300,0948,5.13,1.79,,32.0,901,4.76,7.71,7.43
Fernando Carmona,Arkansas,3/13/2026,OG,Pro Day/Combine,6044,316,3218,0968,5.22,1.85,26,29.0,807,4.75,7.5,8.69
Julian Neal,Arkansas,3/13/2026,CB,Pro Day/Combine,6015,203,3258,0968,4.49,1.59,16,40.0,1102,4.2,7.13,9.20
Mike Washington Jr.,Arkansas,3/13/2026,RB,Pro Day/Combine,6004,223,3358,0928,4.33,1.51,,39.0,1008,4.32,6.96,9.87
Taylen Green,Arkansas,3/13/2026,QB,Pro Day/Combine,6056,227,3468,0978,4.36,1.55,,43.5,1102,,,9.99
Xavian Sorey Jr.,Arkansas,3/13/2026,LB,Pro Day/Combine,6020,228,3158,0958,4.63,1.65,16,37.5,1000,4.42,7,7.31
Rohan Jones,Arkansas,3/13/2026,FB,Pro Day/Combine,6021,238,3100,0948,4.76,1.72,25,32.5,910,4.5,7.15,6.46
Bobby Jamison-Travis,Auburn,3/24/2026,DL,Pro Day/Combine,6033,328,3428,0958,5.25,1.8,25,25.0,809,4.64,8.01,4.98
Connor Lew,Auburn,3/24/2026,OC,Pro Day/Combine,6035,310,3238,0900,,,31,,,,,
Dillon Wade,Auburn,3/24/2026,OG,Pro Day/Combine,6030,316,3178,1000,5.02,1.73,28,28.5,808,,,9.26
Jeremiah Wright,Auburn,3/24/2026,OG,Pro Day/Combine,6050,331,3318,1000,,,,,,,,
Keldric Faulk,Auburn,3/24/2026,ED,Pro Day/Combine,6057,276,3438,0978,4.67,1.68,,35.0,909,,,9.10
Keyron Crawford,Auburn,3/24/2026,ED,Pro Day/Combine,6043,253,3200,0900,,,,,,,,
Jackie Marshall,Baylor,3/22/2026,DT,Pro Day/Combine,6024,293,3200,9048,4.88,1.69,,,,4.68,,8.76
Josh Cameron,Baylor,3/22/2026,WR,Pro Day/Combine,6015,220,3318,1028,,,,,,,,
Michael Trigg,Baylor,3/22/2026,TE,Pro Day/Combine,6035,240,3428,1048,,,,27.5,,,,
Sawyer Robertson,Baylor,3/22/2026,QB,Pro Day/Combine,6035,216,3218,0938,4.64,1.61,,37.5,1003,,,9.73
Kage Casey,Boise State,3/24/2026,OT,Pro Day/Combine,6056,310,3268,1028,5.20,1.85,20,31.0,807,4.85,8.01,5.43
Jude Bowry,Boston College,3/23/2026,OT,Pro Day/Combine,6047,314,3368,1068,5.08,1.75,24,34.5,907,,,9.39
Logan Taylor,Boston College,3/23/2026,OG,Pro Day/Combine,6066,314,3378,1048,5.19,1.82,,31.0,900,4.84,7.75,9.22
Quintayvious Hutchins,Boston College,3/23/2026,ED,Pro Day/Combine,6027,233,3258,0948,4.74,1.7,,37.0,904,4.61,7.34,5.09
Al-Jay Henderson,Buffalo,3/31/2026,RB,Pro Day/Combine,5094,208,3138,0868,4.51,1.57,23,29.5,908,4.33,5.74,6.21
Red Murdock,Buffalo,3/31/2026,LB,Pro Day/Combine,6017,232,3100,1038,4.75,1.63,22,31.5,906,,,6.81
Chase Roberts,BYU,3/20/2026,WR,Pro Day/Combine,6031,209,3148,0968,4.64,1.6,,37.0,1006,4.33,6.89,7.77
Jack Kelly,BYU,3/20/2026,LB,Pro Day/Combine,6015,240,3118,0918,4.57,1.61,,37.0,1005,4.19,7.12,9.70
Hezekiah Masses,Cal,3/19/2026,CB,Pro Day/Combine,6005,179,3118,0828,4.46,1.57,,31.5,911,4.51,7.31,3.30
Dontay Corleone,Cincinnati,3/24/2026,DL,Pro Day/Combine,6004,340,3178,0948,,,,,,,,
Jake Golday,Cincinnati,3/24/2026,LB,Pro Day/Combine,6044,239,3178,0948,4.62,1.59,,39.0,1005,4.34,7.02,9.85
Jeff Caldwell,Cincinnati,3/24/2026,WR,Pro Day/Combine,6046,216,3258,0968,4.31,1.48,,42.0,1102,,,10.00
Joe Royer,Cincinnati,3/24/2026,TE,Pro Day/Combine,6046,247,3148,1068,,,,,,,,
Adam Randall,Clemson,3/12/2026,RB,Pro Day/Combine,6031,231,3238,0968,4.50,1.6,26,37.0,1004,4.53,,9.43
Antonio Williams,Clemson,3/12/2026,WR,Pro Day/Combine,5115,187,3068,0928,4.41,1.55,10,39.5,1004,4.1,7,8.52
Avieon Terrell,Clemson,3/12/2026,CB,Pro Day/Combine,5112,186,3100,0858,,,17,34.0,1003,,,
Blake Miller,Clemson,3/12/2026,OT,Pro Day/Combine,6066,318,3428,0968,5.04,1.75,32,32.0,905,4.65,7.75,9.90
Cade Klubnik,Clemson,3/12/2026,QB,Pro Day/Combine,6017,207,3118,0928,4.70,1.58,,8.3,,,,7.54
Demonte Capehart,Clemson,3/12/2026,DT,Pro Day/Combine,6044,312,3378,1028,4.85,1.72,,33.5,811,,,9.96
Peter Woods,Clemson,3/12/2026,DT,Pro Day/Combine,6024,298,3128,0918,,1.67,,29.0,808,4.54,7.7,7.45
T.J. Parker,Clemson,3/12/2026,ED,Pro Day/Combine,6033,255,3318,0948,4.68,1.61,,34.0,,,,9.35
Wade Woodaz,Clemson,3/12/2026,LB,Pro Day/Combine,6033,236,3258,1000,4.56,1.55,,,909,4.5,7.27,8.60
Tristan Leigh,Clemson,3/12/2026,OT,Pro Day/Combine,6045,312,3438,0948,,,,,,,,
Aaron Hall,Duke,3/23/2026,DT,Pro Day/Combine,6036,296,,,,,,,,,,
Brian Parker II,Duke,3/23/2026,OT,Pro Day/Combine,6046,309,3278,1000,5.14,1.78,29,,901,4.8,7.66,9.12
Chandler Rivers,Duke,3/23/2026,CB,Pro Day/Combine,5095,185,2928,0968,4.40,1.52,,39.0,1010,,,9.01
Vincent Anthony Jr.,Duke,3/23/2026,ED,Pro Day/Combine,6055,258,3418,1000,4.84,1.65,,32.5,1003,,,8.44
Wesley Williams,Duke,3/23/2026,ED,Pro Day/Combine,6036,256,3178,0948,4.89,1.68,,35.5,1000,,,7.17
Austin Barber,Florida,3/26/2026,OT,Pro Day/Combine,6065,318,3318,0958,5.12,1.76,,32.0,903,,,9.80
Caleb Banks,Florida,3/26/2026,DL,Pro Day/Combine,6062,327,3500,1079,5.04,1.76,,32.0,906,,,9.84
Devin Moore,Florida,3/26/2026,CB,Pro Day/Combine,6031,198,3158,0858,4.50,1.56,,35.0,1001,,,8.51
George Gumbs Jr.,Florida,3/26/2026,ED,Pro Day/Combine,6043,245,3358,0900,4.66,1.67,,41.0,1001,,7,9.18
J. Michael Sturdivant,Florida,3/26/2026,WR,Pro Day/Combine,6024,207,3278,0948,4.40,1.53,,39.0,1011,,,9.96
Jake Slaughter,Florida,3/26/2026,OC,Pro Day/Combine,6044,303,3238,1000,5.10,1.74,,32.5,902,,,9.97
Tyreak Sapp,Florida,3/26/2026,ED,Pro Day/Combine,6023,279,3200,0948,,,28,,,,,
Darrell Jackson Jr.,Florida State,3/27/2026,DL,Pro Day/Combine,6054,315,3468,1100,,,,,,,,
Christen Miller,Georgia,3/18/2026,DT,Pro Day/Combine,6036,321,3300,1000,,,,,,,,
CJ Allen,Georgia,3/18/2026,LB,Pro Day/Combine,6006,230,3148,1018,,,,,,,,
Colbie Young,Georgia,3/18/2026,WR,Pro Day/Combine,6046,218,3178,0948,4.49,1.59,18,33.0,,,,9.01
Daylen Everette,Georgia,3/18/2026,CB,Pro Day/Combine,6011,196,3178,0958,4.38,1.54,,37.5,1004,,,9.88
Dillon Bell,Georgia,3/18/2026,WR,Pro Day/Combine,6006,209,3028,0948,4.50,1.58,16,39.0,1006,,,9.38
Micah Morris,Georgia,3/18/2026,OG,Pro Day/Combine,6045,334,3358,1038,5.09,1.73,29,29.5,904,,,9.97
Monroe Freeling,Georgia,3/18/2026,OT,Pro Day/Combine,6065,315,3468,1068,4.93,1.71,,33.5,907,,,9.99
Oscar Delp,Georgia,3/18/2026,TE,Pro Day/Combine,6045,245,3158,0948,4.49,1.61,23,38.0,1005,,,9.82
Zachariah Branch,Georgia,3/18/2026,WR,Pro Day/Combine,5093,177,2938,0900,4.35,1.5,20,38.0,1005,,,9.10
Noach Thomas,Georgia,3/18/2026,WR,Pro Day/Combine,6047,203,3328,0928,4.60,1.61,,31.0,911,4.4,7.28,4.34
Ted Hurst,Georgia State,3/11/2026,WR,Pro Day/Combine,6040,206,3258,0968,4.42,1.55,,36.5,1103,,,9.92
Eric Rivers,Georgia Tech,3/13/2026,WR,Pro Day/Combine,5096,176,3048,0900,4.35,1.52,,37.0,1007,,,8.56
Haynes King,Georgia Tech,3/13/2026,QB,Pro Day/Combine,6021,212,3178,0900,4.46,1.55,,33.5,908,4.17,6.89,9.59
Keylan Rutledge,Georgia Tech,3/13/2026,OG,Pro Day/Combine,6036,316,3328,1000,5.05,1.81,,32.5,808,,7.54,9.44
Jordan van den Berg,Georgia Tech,3/13/2026,DT,Pro Day/Combine,6032,310,3218,0938,4.94,1.61,35,36.0,911,4.19,,9.99
Ahmari Harvey,Georgia Tech,3/13/2026,CB,Pro Day/Combine,5110,185,3038,0938,4.52,1.52,15,31.0,908,,,5.66
Jamal Haynes,Georgia Tech,3/13/2026,RB,Pro Day/Combine,5067,195,2818,0858,4.52,1.45,21,36.0,1001,4.28,7.15,7.89
Dean Connors,Houston,3/27/2026,RB,Pro Day/Combine,5113,208,2958,0928,4.45,1.57,21,39.5,1002,4.29,6.95,9.70
Latrell McCutchin Jr.,Houston,3/27/2026,CB,Pro Day/Combine,6016,191,3128,0858,4.43,1.58,,38.5,1011,4.18,7,9.48
Tanner Koziol,Houston,3/27/2026,TE,Pro Day/Combine,6046,247,3368,0958,4.70,1.61,,36.5,1002,,,9.76
Gabe Jacas,Illinois,3/12/2026,ED,Pro Day/Combine,6035,260,3300,1000,,,30,,,,,
J.C. Davis,Illinois,3/12/2026,OT,Pro Day/Combine,6042,322,3428,1018,5.16,1.78,,30.5,803,4.9,7.89,6.38
Luke Altmyer,Illinois,3/12/2026,QB,Pro Day/Combine,6021,210,2978,0900,4.72,1.64,,32.0,906,,,7.07
Miles Scott,Illinois,3/13/2026,S,Pro Day/Combine,6002,203,3100,1038,4.62,1.63,18,37.5,1003,4.12,7.06,7.92
Jalen Walthall,Incarnate Ward,3/18/2026,WR,Pro Day/Combine,6011,191,3128,0900,4.57,1.56,,35.0,1011,4.39,7.03,6.88
Aiden Fisher,Indiana,4/1/2026,LB,Pro Day/Combine,6007,232,3118,0948,4.76,1.63,18,37.5,1003,4.51,,6.29
D'angelo Ponds,Indiana,4/1/2026,CB,Pro Day/Combine,6085,182,2938,0958,4.38,1.52,,43.5,,4.27,,8.25
Elijah Sarratt,Indiana,4/1/2026,WR,Pro Day/Combine,6025,210,3128,1000,4.53,1.64,12,33.5,1004,4.38,7.01,6.30
Fernando Mendoza,Indiana,4/1/2026,QB,Pro Day/Combine,6046,236,3178,0948,,,,,,,,
Louis Moore,Indiana,4/1/2026,S,Pro Day/Combine,5105,191,2948,0978,4.63,1.59,17,34.0,,4.26,6.97,4.45
Mikail Kamara,Indiana,4/1/2026,ED,Pro Day/Combine,6005,250,3138,0958,4.90,1.7,,34.0,901,4.75,,2.15
Omar Cooper Jr.,Indiana,4/1/2026,WR,Pro Day/Combine,6001,196,3028,0958,4.47,1.55,,37.0,,,,8.85
Pat Coogan,Indiana,4/1/2026,OC,Pro Day/Combine,6051,311,3118,0928,5.19,1.87,22,29.0,811,4.93,7.82,6.80
Riley Nowakowski,Indiana,4/1/2026,TE,Pro Day/Combine,6020,250,3148,0868,4.66,1.7,,33.5,911,4.61,7.43,7.33
Roman Hemby,Indiana,4/1/2026,RB,Pro Day/Combine,6002,207,3100,0948,4.54,1.62,15,35.5,1005,4.52,,6.24
Aaron Graves,Iowa,3/23/2026,DT,Pro Day/Combine,6046,292,3028,0938,5.30,1.79,22,34.5,811,4.69,7.5,6.19
Beau Stephens,Iowa,3/23/2026,OG,Pro Day/Combine,6055,315,3118,0928,5.35,1.82,,28.0,806,4.85,7.6,7.74
Gennings Dunker,Iowa,3/23/2026,OT,Pro Day/Combine,6047,319,3348,1000,5.18,1.83,,32.5,900,4.63,7.58,8.53
Kaden Wetjen,Iowa,3/23/2026,WR,Pro Day/Combine,5086,193,2958,0848,4.47,1.57,,35.5,,4.44,6.95,6.02
Karson Sharar,Iowa,3/23/2026,LB,Pro Day/Combine,6014,231,3118,1018,4.56,1.59,,40.0,1003,4.2,6.98,9.69
Logan Jones,Iowa,3/23/2026,OC,Pro Day/Combine,6029,299,3068,0948,4.90,1.73,,32.0,902,4.59,7.46,9.63
Max Llewellyn,Iowa,3/23/2026,ED,Pro Day/Combine,6055,258,3228,0900,4.81,1.64,,32.5,907,4.48,7.23,8.18
TJ Hall,Iowa,3/23/2026,CB,Pro Day/Combine,6006,189,3000,0948,4.59,1.62,12,36.0,1001,4.19,7.19,5.30
Xavier Nwankpa,Iowa,3/23/2026,S,Pro Day/Combine,6025,208,3068,0928,4.48,1.62,,37.5,,4.39,6.94,9.05
Domonique Orange,Iowa State,3/24/2026,DL,Pro Day/Combine,6023,322,3338,1028,,,,,,,,
Bryce Foster,Kansas,3/11/2026,C,Pro Day/Combine,6045,310,3138,1000,5.45,1.92,33,26.5,806,4.78,7.87,4.27
Jalon Daniels,Kansas,3/11/2026,QB,Pro Day/Combine,6010,219,3038,0958,4.65,1.63,,,,,,
Kobe Baynes,Kansas,3/11/2026,G,Pro Day/Combine,6040,321,3268,0958,5.35,1.8,21,24.5,805,4.75,7.66,6.99
Emmanuel Henderson Jr.,Kansas,3/11/2026,WR,Pro Day/Combine,6004,185,3100,0838,4.44,1.56,,35.0,1000,4.33,7.34,6.16
Enrique Cruz Jr.,Kansas,3/11/2026,OG,Pro Day/Combine,6055,313,3368,1018,4.94,1.74,,35.0,908,,,9.99
Sam Hecht,Kansas State,3/10/2026,C,Pro Day/Combine,6040,303,3158,0978,5.10,1.73,20,28.0,805,4.71,7.75,7.54
VJ Payne,Kansas State,3/10/2026,S,Pro Day/Combine,6030,206,3378,0948,4.40,1.57,,35.0,1007,4.33,6.94,9.61
David Gusta,Kentucky,3/11/2026,DT,Pro Day/Combine,6023,308,3118,1000,4.88,1.68,37,32.0,801,,,9.20
Jager Burton,Kentucky,3/11/2026,C,Pro Day/Combine,6040,312,3268,1018,4.94,1.76,28,28.0,903,4.52,7.64,9.87
Jalen Farmer,Kentucky,3/11/2026,G,Pro Day/Combine,6047,312,3428,0928,4.93,1.75,37,27.0,900,,,9.85
Kendrick Law,Kentucky,3/11/2026,WR,Pro Day/Combine,5110,203,3118,0958,4.45,1.56,21,42.0,1008,,,9.60
Seth McGowan,Kentucky,3/11/2026,RB,Pro Day/Combine,6000,223,3138,0868,4.49,1.6,,42.5,1011,4.5,,9.45
Joshua Braun,Kentucky,3/11/2026,OG,Pro Day/Combine,6057,325,3458,1068,,,22,28.5,805,4.82,7.62,8.40
Caullin Lacy,Louisville,3/24/2026,WR,Pro Day/Combine,5086,183,2938,0978,4.55,1.59,,33.5,908,,,2.68
Chris Bell,Louisville,3/24/2026,WR,Pro Day/Combine,6021,198,3238,0900,,,,,,,,
Miller Moss,Louisville,3/24/2026,QB,Pro Day/Combine,6013,211,3100,0938,,,,32.0,807,,,
A.J. Haulcy,LSU,3/23/2026,S,Pro Day/Combine,5116,215,3248,0878,4.52,1.62,,,,,,
Aaron Anderson,LSU,3/23/2026,WR,Pro Day/Combine,5075,191,2968,0928,4.58,1.6,15,30.0,905,4.7,7.33,1.21
Barion Brown,LSU,3/23/2026,WR,Pro Day/Combine,5107,177,3148,0900,4.40,1.58,,32.0,910,,,4.83
Bauer Sharp,LSU,3/23/2026,TE,Pro Day/Combine,6046,249,3168,0958,4.63,1.67,20,35.0,1000,4.3,7.05,9.16
Chris Hilton Jr.,LSU,3/23/2026,WR,Pro Day/Combine,5155,188,3200,0928,4.41,1.57,,34.5,1002,4.41,7.25,5.71
Garrett Nussmeier,LSU,3/23/2026,QB,Pro Day/Combine,6016,203,3038,0918,,,,,,,,
Harold Perkins Jr.,LSU,3/23/2026,LB,Pro Day/Combine,6007,223,3138,0818,4.45,1.56,,35.0,1004,,,8.62
Jack Pyburn,LSU,3/23/2026,ED,Pro Day/Combine,6037,258,3078,1000,,,,,,,,
Mansoor Delane,LSU,3/23/2026,CB,Pro Day/Combine,6002,187,3000,0878,4.38,1.5,,,,,,
Patrick Payton,LSU,3/23/2026,ED,Pro Day/Combine,6047,260,3338,1000,,,,,,,,
Zavion Thomas,LSU,3/23/2026,WR,Pro Day/Combine,5101,189,3048,0900,4.28,1.52,,36.0,901,4.45,7.4,5.00
Alan Herron,Maryland,3/27/2026,OT,Pro Day/Combine,6046,308,3318,0918,5.09,1.83,23,32.0,802,5.09,8.2,4.77
Jalen Huskey,Maryland,3/27/2026,S,Pro Day/Combine,6010,205,3278,1000,4.55,1.54,11,36.5,1001,4.3,7.2,7.04
Chris Adams,Memphis,3/27/2026,OT,Pro Day/Combine,6052,311,3358,1038,6.00,1.98,11,24.0,708,5.26,8.57,0.10
Travis Burke,Memphis,3/27/2026,OT,Pro Day/Combine,6086,325,3428,1018,5.17,1.79,24,27.0,811,,,9.05
Keionte Scott,Miami (FL),3/23/2026,CB,Pro Day/Combine,5105,193,3138,0958,4.33,1.53,,34.0,1003,,,8.97
Akheem Mesidor,Miami (FL),3/23/2026,ED,Pro Day/Combine,6030,259,3218,1000,,,,,,,,
Anez Cooper,Miami (FL),3/23/2026,OG,Pro Day/Combine,6056,334,3400,1000,5.52,1.94,,,,,,
Carson Beck,Miami (FL),3/23/2026,QB,Pro Day/Combine,6046,233,3058,1000,,,,,,,,
CJ Daniels,Miami (FL),3/23/2026,WR,Pro Day/Combine,6015,202,3168,9028,4.58,1.61,,34.5,1003,4.27,7.03,6.05
Francis Mauigoa,Miami (FL),3/23/2026,OT,Pro Day/Combine,6055,329,3328,1058,5.13,1.78,,29.0,810,4.59,7.77,8.73
Jakobe Thomas,Miami (FL),3/23/2026,S,Pro Day/Combine,6010,211,3178,1058,4.57,1.63,,33.0,911,4.32,,7.28
James Brockermeyer,Miami (FL),3/23/2026,OL,Pro Day/Combine,6030,298,3200,0938,5.30,1.8,26,28.5,805,4.72,7.98,5.45
Markel Bell,Miami (FL),3/23/2026,OT,Pro Day/Combine,6086,346,3638,0900,5.36,1.84,,,,,,
Rueben Bain Jr.,Miami (FL),3/23/2026,ED,Pro Day/Combine,6022,263,3078,0918,,,,,,,,
Wesley Bissainthe,Miami (FL),3/23/2026,LB,Pro Day/Combine,6016,225,3178,0958,4.63,1.57,,,,4.52,,6.20
Derrick Moore,Michigan,3/20/2026,ED,Pro Day/Combine,6037,255,3338,0918,,,,30.0,907,,,
Donaven McCulley,Michigan,3/20/2026,WR,Pro Day/Combine,6045,203,3258,1028,4.76,1.65,,33.0,908,4.38,7.09,2.61
Jaishawn Barham,Michigan,3/20/2026,ED,Pro Day/Combine,6034,240,3238,1028,4.64,1.61,,33.0,1003,,,8.79
Jimmy Rolder,Michigan,3/20/2026,LB,Pro Day/Combine,6024,238,3048,0958,,,,36.0,911,4.26,7,9.51
Marlin Klein,Michigan,3/20/2026,TE,Pro Day/Combine,6062,248,3238,0928,4.61,1.64,,36.0,909,,7.42,9.01
Max Bredeson,Michigan,3/20/2026,RB,Pro Day/Combine,6015,252,3018,1000,,,,,,,,
Rayshaun Benny,Michigan,3/20/2026,DL,Pro Day/Combine,6032,298,3338,0928,,,,,,4.89,7.69,
TJ Guy,Michigan,3/20/2026,ED,Pro Day/Combine,6033,240,3138,0968,4.94,1.68,,29.5,905,4.65,7.27,2.48
Jack Velling,Michigan State,3/19/2026,TE,Pro Day/Combine,6035,242,3200,0928,4.85,1.75,,31.5,907,4.64,7.19,2.34
Matt Gulbin,Michigan State,3/19/2026,OC,Pro Day/Combine,6035,305,3168,0928,,,21,28.0,805,4.96,8.33,3.44
Deven Eastern,Minnesota,3/18/2026,DT,Pro Day/Combine,6052,315,3400,1000,,,25,27.5,904,4.81,8.03,6.84
Harrison Wallace III,Ole Miss,3/18/2026,WR,Pro Day/Combine,5115,192,3118,0838,4.54,1.58,,35.0,1002,4.34,7.01,5.97
Brenen Thompson,Mississippi State,3/27/2026,WR,Pro Day/Combine,5086,164,2938,0900,4.26,1.54,,,,,,
Chris McClellan,Missouri,3/20/2026,DL,Pro Day/Combine,6036,313,3400,1100,5.05,1.8,25,29.5,900,5,8.18,5.91
Josiah Trotter,Missouri,3/20/2026,LB,Pro Day/Combine,6017,237,3228,1028,,,27,,,,,
Keagen Trost,Missouri,3/20/2026,OT,Pro Day/Combine,6046,311,3238,0928,,,26,31.0,,,,
Kevin Coleman Jr.,Missouri,3/20/2026,WR,Pro Day/Combine,5112,179,3000,0948,4.49,1.61,,38.5,1006,,,6.43
Toriano Pride Jr.,Missouri,3/20/2026,CB,Pro Day/Combine,5103,185,3100,0928,4.32,1.51,13,37.5,1008,,7.2,8.36
Zion Young,Missouri,3/20/2026,ED,Pro Day/Combine,6056,262,3300,0948,4.75,1.72,,31.0,909,,,7.62
Eli Heidenreich,Navy,3/5/2026,FB,Pro Day/Combine,6000,198,2928,0948,4.44,1.55,16,35.5,1000,4.22,6.55,9.05
Landon Robinson,Navy,3/5/2026,DL,Pro Day/Combine,5112,293,3168,0918,4.91,1.65,30,32.5,902,4.48,7.28,9.40
Brandon Cleveland,NC State,3/24/2026,DL,Pro Day/Combine,6030,307,3238,0928,5.12,1.78,,26.5,,4.91,,5.11
Justin Joly,NC State,3/24/2026,TE,Pro Day/Combine,6035,241,3228,1048,,,,30.5,906,4.65,,
DeShon Singleton,Nebraska,3/25/2026,S,Pro Day/Combine,6024,205,3278,1000,4.57,1.64,12.00,39.50,"1,010.00",4.33,7.06,7.92
Emmett Johnson,Nebraska,3/25/2026,RB,Pro Day/Combine,5096,202,3028,0968,4.56,1.59,16,35.5,1000,4.29,7.32,5.55
Marcus Allen,North Carolina,3/23/2026,CB,Pro Day/Combine,6015,187,3218,0848,4.50,1.64,,39.0,1003,4.19,7.02,7.51
Thaddeus Dixon,North Carolina,3/23/2026,CB,Pro Day/Combine,6004,195,3118,1000,,,,39.5,1005,,,
Bryce Lance,North Dakota State,3/19/2026,WR,Pro Day/Combine,6026,204,3218,0928,4.34,1.49,,41.5,1101,4.15,7,9.94
Cole Payton,North Dakota State,3/19/2026,QB,Pro Day/Combine,6026,232,3158,1028,4.56,1.57,,40.0,1010,4.36,7.12,9.86
Aidan Hubbard,Northwestern,3/17/2026,ED,Pro Day/Combine,6044,260,3200,0918,4.83,1.67,21,38.5,1000,,,8.62
Caleb Tiernan,Northwestern,3/17/2026,OT,Pro Day/Combine,6076,323,3228,0900,,,,35.5,903,4.71,8.08,9.33
Evan Beerntsen,Northwestern,3/17/2026,OG,Pro Day/Combine,6035,301,3218,0938,5.25,1.81,22,32.5,809,4.8,7.65,7.34
Aamil Wagner,Notre Dame,3/24/2026,OT,Pro Day/Combine,6057,306,3448,1028,5.01,1.79,21,29.5,900,4.8,8.02,7.58
Billy Schrauth,Notre Dame,3/24/2026,OG,Pro Day/Combine,6046,310,3278,1028,,,,,,,,
Eli Raridon,Notre Dame,3/24/2026,TE,Pro Day/Combine,6056,245,3268,1068,4.62,1.6,20,36.0,1003,4.38,7.16,9.45
Jadarian Price,Notre Dame,3/24/2026,RB,Pro Day/Combine,5112,203,3078,0958,4.49,1.61,21,35.0,1004,4.26,,8.58
Jeremiyah Love,Notre Dame,3/24/2026,RB,Pro Day/Combine,6002,212,3200,0918,4.36,1.53,,,,,,
Malachi Fields,Notre Dame,3/24/2026,WR,Pro Day/Combine,6045,218,3218,0900,4.61,1.63,15,38.0,1004,4.35,6.98,7.47
Arvell Reese,Ohio State,3/25/2026,LB,Pro Day/Combine,6041,241,3248,0948,4.46,1.58,,,,,,
Caden Curry,Ohio State,3/25/2026,ED,Pro Day/Combine,6026,257,3018,0938,,,,,,4.51,7.22,
Caleb Downs,Ohio State,3/25/2026,S,Pro Day/Combine,5116,206,3028,0948,,,,,,,,
Carnell Tate,Ohio State,3/25/2026,WR,Pro Day/Combine,6021,192,3168,1028,4.53,1.61,,,,,,
CJ Donaldson,Ohio State,3/25/2026,RB,Pro Day/Combine,6014,230,3168,0948,4.61,1.63,14,36.5,1000,4.53,7.22,6.04
Davison Igbinosun,Ohio State,3/25/2026,CB,Pro Day/Combine,6021,189,3278,0918,4.45,1.58,,34.0,1000,4.32,7.07,6.86
Ethan Onianwa,Ohio State,3/25/2026,OL,Pro Day/Combine,6063,333,3438,1000,5.21,1.84,24,30.0,804,4.69,7.9,8.65
Kayden McDonald,Ohio State,3/25/2026,DL,Pro Day/Combine,6021,326,3228,0968,,,27,,,,,
Lorenzo Styles Jr.,Ohio State,3/25/2026,S,Pro Day/Combine,6005,194,3158,0948,4.27,1.49,,39.0,,,,9.99
Max Klare,Ohio State,3/25/2026,TE,Pro Day/Combine,6041,246,3218,0918,,,,,,,,
Sonny Styles,Ohio State,3/25/2026,LB,Pro Day/Combine,6050,244,3278,1000,4.46,1.56,,32.5,1102,4.26,7.09,9.99
Will Kaczmarek,Ohio State,3/25/2026,TE,Pro Day/Combine,6055,261,3228,0958,4.74,1.69,18,36.0,911,4.47,7.34,7.92
Deion Burks,Oklahoma,3/12/2026,WR,Pro Day/Combine,5096,180,2938,0918,4.30,1.49,26,42.5,1011,4.22,7.21,9.08
Gracen Halton,Oklahoma,3/12/2026,DT,Pro Day/Combine,6025,293,3128,1000,4.82,1.7,,36.5,906,4.79,8.09,8.34
Jaydn Ott,Oklahoma,3/12/2026,RB,Pro Day/Combine,5110,198,3068,0868,4.49,1.53,16,40.5,1011,4.28,7.21,8.79
Owen Heinecke,Oklahoma,3/12/2026,LB,Pro Day/Combine,6014,227,3018,0938,4.62,1.62,,34.5,911,4.27,7.15,8.14
R Mason Thomas,Oklahoma,3/12/2026,ED,Pro Day/Combine,6022,241,3158,0878,4.67,1.63,,,,,,
Damonic Williams,Oklahoma,3/12/2026,DL,Pro Day/Combine,6020,305,3318,1000,,,30,,804,4.96,,
Febechi Nwaiwu,Oklahoma,3/13/2026,OG,Pro Day/Combine,6040,319,3428,0958,5.36,1.85,29,24.5,809,4.73,7.8,6.29
Jaren Kanak,Oklahoma,3/14/2026,TE,Pro Day/Combine,6017,234,3048,0938,4.27,1.61,24,36.0,911,4.27,7.21,9.69
Kendal Daniels,Oklahoma,3/15/2026,LB,Pro Day/Combine,6050,242,3258,0948,4.79,1.7,,29.5,,4.37,,4.81
Marvin Jones Jr.,Oklahoma,3/16/2026,ED,Pro Day/Combine,6050,245,3318,0928,4.69,1.65,,34.5,,4.42,7.44,8.17
Robert Spears-Jennings,Oklahoma,3/12/2026,S,Pro Day/Combine,6017,205,3248,1038,4.32,1.51,14,35.0,1005,4.43,7.14,8.83
Dae'Quan Wright,Ole Miss,3/18/2026,TE,Pro Day/Combine,6035,246,3228,0958,,,,,,,,
De'Zhaun Stribling,Ole Miss,3/18/2026,WR,Pro Day/Combine,6021,207,3158,1000,4.36,1.53,,36.0,1007,4.36,6.99,9.54
Diego Pounds,Ole Miss,3/18/2026,OT,Pro Day/Combine,6055,325,3368,0968,5.15,1.77,21,30.0,904,4.78,7.9,8.51
Zxavian Harris,Ole Miss,3/18/2026,DT,Pro Day/Combine,6076,330,3458,1000,,,,,,,,
Sage Ryan,Ole Miss,3/18/2026,S,Pro Day/Combine,5107,204,3038,0868,4.59,1.58,,32.5,1003,4.59,7.2,5.47
Bryce Boettcher,Oregon,3/17/2026,LB,Pro Day/Combine,6012,233,3058,0900,4.69,1.63,21,34.5,908,4.3,7.25,7.08
Emmanuel Pregnon,Oregon,3/17/2026,OG,Pro Day/Combine,6043,314,3358,1100,5.21,1.82,,35.0,903,4.81,7.72,9.17
Isaiah World,Oregon,3/17/2026,OT,Pro Day/Combine,6075,318,3448,,,,,,,,,
Kenyon Sadiq,Oregon,3/17/2026,TE,Pro Day/Combine,6025,241,3148,1000,4.39,1.54,26,43.5,1102,,,9.48
Alex Harkey,Oregon,3/17/2026,OT,Pro Day/Combine,6056,308,3168,1018,5.24,1.79,21,31.0,803,4.9,7.69,6.13
Dillon Thieneman,Oregon,3/17/2026,S,Pro Day/Combine,6002,301,3138,0900,4.35,1.52,18,41.0,1005,,,9.71
Jadon Canady,Oregon,3/17/2026,CB,Pro Day/Combine,5105,181,3000,0928,4.49,1.67,,37.5,1007,4.21,,6.36
Malik Benson,Oregon,3/17/2026,WR,Pro Day/Combine,5116,189,3178,0858,4.37,1.55,,32.5,1002,4.45,7.12,5.99
Noah Whittington,Oregon,3/17/2026,RB,Pro Day/Combine,5081,205,2918,0828,,,24,,,,,
Dani Dennis-Sutton,Penn State,3/18/2026,ED,Pro Day/Combine,6055,256,3338,1018,4.63,1.63,26,39.5,1011,,6.9,9.96
Drew Allar,Penn State,3/18/2026,QB,Pro Day/Combine,6046,228,3268,0978,,,,,,,,
Drew Shelton,Penn State,3/18/2026,OT,Pro Day/Combine,6046,313,3338,0958,5.16,1.79,,31.0,904,,,8.50
Kaytron Allen,Penn State,3/18/2026,RB,Pro Day/Combine,5111,216,2948,0948,,,,,,,,
Nicholas Singleton,Penn State,3/18/2026,RB,Pro Day/Combine,6000,219,3100,0938,,,25,,,,,
Olaivavega Ioane,Penn State,3/18/2026,OG,Pro Day/Combine,6036,320,3268,1048,,,,31.5,808,,,
Zakee Wheatley,Penn State,3/18/2026,S,Pro Day/Combine,6026,203,3100,0948,4.65,1.64,,32.5,1002,4.11,6.98,7.45
Zane Durant,Penn State,3/18/2026,DT,Pro Day/Combine,6011,290,3178,1058,4.75,1.66,,33.5,904,,,9.30
Nolan Rucci,Penn State,3/18/2026,OT,Pro Day/Combine,6083,314,3400,1038,5.45,1.92,,30.0,900,4.87,7.89,5.91
Khalil Dinkins,Penn State,3/18/2026,OT,Pro Day/Combine,6035,251,3328,0948,4.72,1.67,25,32.5,911,4.33,7.28,7.77
Kyle Louis,Pitt,3/26/2026,LB,Pro Day/Combine,5117,220,3128,0948,4.53,1.58,20,39.5,1009,4.26,6.97,8.82
Desmond Reid,Pitt,3/26/2026,RB,Pro Day/Combine,5063,174,2818,0828,4.58,1.58,,35.0,1000,4.27,7.2,5.31
Chris Johnson,San Diego State,3/10/2026,CB,Pro Day/Combine,6000,193,3058,0978,4.40,1.54,,38.0,1006,3.9,,9.83
Ahmad Moses,SMU,3/23/2026,S,Pro Day/Combine,5090,196,3028,0918,,,,38.0,,,,
Cameron Robertson,SMU,3/23/2026,ED,Pro Day/Combine,6034,253,3238,0948,4.84,1.69,14,,904,4.4,7.33,4.97
Jeffrey M'Ba,SMU,3/23/2026,DT,Pro Day/Combine,6050,310,3378,1058,5.13,1.82,22,,808,4.88,8.06,4.86
Jordan Hudson,SMU,3/23/2026,WR,Pro Day/Combine,6007,191,3118,0928,4.58,1.63,,32.0,1002,4.4,7.24,4.31
Matthew Hibner,SMU,3/23/2026,TE,Pro Day/Combine,6042,251,3238,0938,4.57,1.61,28,37.0,908,4.37,7.35,9.25
RJ Maryland,SMU,3/23/2026,TE,Pro Day/Combine,6035,236,3228,0900,4.51,1.64,16,33.0,1002,4.37,,7.32
Brandon Cisse,South Carolina,3/17/2026,CB,Pro Day/Combine,5116,189,3058,0858,4.46,1.53,15,41.0,1011,4.33,,9.07
Jalon Kilgore,South Carolina,3/17/2026,S,Pro Day/Combine,6007,210,3278,0938,4.40,1.56,16,37.0,1010,4.32,,9.58
Nick Barrett,South Carolina,3/17/2026,DT,Pro Day/Combine,6027,312,3338,1000,5.10,1.69,,31.5,900,4.91,7.91,7.59
Rahsul Faison,South Carolina,3/17/2026,RB,Pro Day/Combine,5113,208,3078,0900,4.62,1.59,14,37.5,1002,4.26,,6.96
Kaleb Proctor,Southeastern Louisiana,3/23/2026,DL,Pro Day/Combine,6017,291,3300,0948,4.79,1.68,,33.0,905,4.71,,9.14
Josh Moten,Southern Miss,3/26/2026,CB,Pro Day/Combine,5115,187,2948,0868,4.71,1.6,,35.5,907,4.43,,2.24
Sam Roush,Stanford,3/18/2026,TE,Pro Day/Combine,6055,267,3058,1000,4.70,1.61,25,38.5,1006,4.37,7.08,9.94
Collin Wright,Stanford,3/18/2026,CB,Pro Day/Combine,6000,188,3058,0868,,,,39.0,,,,
Charles Demmings,Stephen F. Austin,3/19/2026,CB,Pro Day/Combine,6011,193,3200,1018,4.41,1.55,,42.0,1100,,,9.92
Bud Clark,TCU,3/26/2026,S,Pro Day/Combine,6010,188,3148,0900,4.41,1.56,,38.0,1007,,,8.88
DJ Rogers,TCU,3/26/2026,TE,Pro Day/Combine,6036,258,3358,0948,4.85,1.7,15,31.5,1000,4.33,7.03,7.36
Eric McAlister,TCU,3/26/2026,WR,Pro Day/Combine,6036,194,3258,0968,4.53,1.57,,28.5,911,,,5.85
Kaleb Elarms-Orr,TCU,3/26/2026,LB,Pro Day/Combine,6020,234,3148,0900,4.47,1.59,,40.0,1004,4.41,7.1,9.55
Namdi Obiazor,TCU,3/26/2026,LB,Pro Day/Combine,6026,229,3058,1048,4.53,1.56,21,37.0,911,4.36,7.24,9.13
Bryson Eason,Tennessee,3/31/2026,DL,Pro Day/Combine,6021,323,3318,1000,5.09,1.78,,30.5,904,5,,6.94
Chris Brazzell II,Tennessee,3/31/2026,WR,Pro Day/Combine,6043,198,3238,0900,4.37,1.52,,,,,,
Colton Hood,Tennessee,3/31/2026,CB,Pro Day/Combine,5115,193,3138,0900,4.44,1.54,,40.5,1005,,,9.66
Jalen McMurray,Tennessee,3/31/2026,CB,Pro Day/Combine,5110,184,3048,0838,4.56,1.54,11,34.5,,4.55,7.42,3.06
Jermod McCoy,Tennessee,3/31/2026,CB,Pro Day/Combine,6006,188,3128,0900,4.40,1.52,14,38.0,1007,,,9.67
Joey Aguilar,Tennessee,3/31/2026,QB,Pro Day/Combine,6025,229,3168,0958,,,,,,,,
Joshua Josephs,Tennessee,3/31/2026,ED,Pro Day/Combine,6031,242,3428,1000,4.73,1.68,,38.5,1009,,,8.54
Miles Kitselman,Tennessee,3/31/2026,TE,Pro Day/Combine,6046,251,3178,0978,4.90,1.71,,34.5,908,,,5.62
Anthony Hill Jr.,Texas,3/24/2026,LB,Pro Day/Combine,6020,238,3238,0958,4.51,1.58,21,37.0,1005,,,9.81
Cole Brevard,Texas,3/24/2026,DT,Pro Day/Combine,6026,343,3218,0938,5.13,1.7,27,25.5,811,5.06,8.6,5.97
DJ Campbell,Texas,3/24/2026,OG,Pro Day/Combine,6024,313,3428,1028,5.01,1.75,,26.5,808,4.79,,7.90
Ethan Burke,Texas,3/24/2026,EDGE,Pro Day/Combine,6057,267,3328,1000,4.94,1.68,15,29.5,911,4.23,6.94,7.95
Jack Endries,Texas,3/24/2026,TE,Pro Day/Combine,6046,246,3118,0958,4.62,1.59,,36.0,911,4.47,7.28,8.87
Jaylon Guilbeau,Texas,3/24/2026,CB,Pro Day/Combine,5107,190,3018,0928,4.53,1.62,15,34.5,1005,4.23,6.86,7.00
Malik Muhammad,Texas,3/24/2026,CB,Pro Day/Combine,6000,182,3238,0978,4.42,1.51,,39.0,1010,4.19,6.95,9.50
Michael Taaffe,Texas,3/24/2026,S,Pro Day/Combine,5116,190,2928,0938,4.50,1.58,,34.5,1002,4.15,6.8,7.82
Trey Moore,Texas,3/24/2026,ED,Pro Day/Combine,6015,243,3158,1048,4.54,1.6,,38.5,1000,4.43,7.08,8.85
Albert Regis,Texas A&M,3/25/2026,DL,Pro Day/Combine,6013,295,3158,0958,4.88,1.72,27,34.0,908,4.85,,8.49
Ar'maj Reed-Adams,Texas A&M,3/25/2026,OG,Pro Day/Combine,6054,314,3438,1000,5.28,1.85,,29.5,,,7.88,7.87
Cashius Howell,Texas A&M,3/25/2026,ED,Pro Day/Combine,6024,253,3028,0928,4.59,1.58,22,32.5,907,,,8.09
Chase Bisontis,Texas A&M,3/25/2026,OG,Pro Day/Combine,6051,315,3168,0968,5.02,1.78,29,32.0,809,4.78,7.53,9.86
Dametrious Crownover,Texas A&M,3/25/2026,OT,Pro Day/Combine,6067,319,3538,1000,5.14,1.79,,,,4.98,7.88,7.64
KC Concepcion,Texas A&M,3/25/2026,WR,Pro Day/Combine,5115,196,3028,0928,,,,,,,,
Le'Veon Moss,Texas A&M,3/25/2026,RB,Pro Day/Combine,5112,203,3100,0948,4.58,1.56,16,31.5,911,,,6.27
Nate Boerkircher,Texas A&M,3/25/2026,TE,Pro Day/Combine,6055,245,3258,1048,4.78,1.58,,32.0,,4.4,7.02,8.89
Taurean York,Texas A&M,3/25/2026,LB,Pro Day/Combine,5106,226,3000,0838,4.59,1.62,25,30.5,,4.48,7.32,5.16
Trey Zuhn III,Texas A&M,3/25/2026,OT,Pro Day/Combine,6065,312,3248,1000,5.00,1.7,33,32.0,903,,,9.96
Tyler Onyedim,Texas A&M,3/25/2026,DL,Pro Day/Combine,6034,292,3418,1018,5.07,1.69,24,32.0,903,4.65,7.96,8.31
Will Lee III,Texas A&M,3/25/2026,CB,Pro Day/Combine,6015,189,3258,0900,4.52,1.56,,42.0,1100,,,9.39
Behren Morton,Texas Tech,3/26/2026,QB,Pro Day/Combine,6016,221,3058,0948,4.89,1.69,,30.5,905,4.44,7.17,5.40
Caleb Douglas,Texas Tech,3/26/2026,WR,Pro Day/Combine,6035,206,3248,1018,4.39,1.55,,31.5,1006,,,9.49
Cole Wisniewski,Texas Tech,3/26/2026,S,Pro Day/Combine,6032,219,3048,0958,,,,36.5,1002,,,
David Bailey,Texas Tech,3/26/2026,ED,Pro Day/Combine,6035,251,3368,1028,4.50,1.62,,35.0,1009,,,9.65
Jacob Rodriguez,Texas Tech,3/26/2026,LB,Pro Day/Combine,6013,231,3078,0928,4.57,1.59,,38.5,1001,4.19,6.9,9.61
Lee Hunter,Texas Tech,3/26/2026,DL,Pro Day/Combine,6034,318,3328,0928,5.18,1.79,,21.5,804,,,4.12
Reggie Virgil,Texas Tech,3/26/2026,WR,Pro Day/Combine,6026,197,3128,0928,4.57,1.58,,36.0,1007,,,7.59
Romello Height,Texas Tech,3/26/2026,ED,Pro Day/Combine,6026,239,3228,0948,4.64,1.62,,39.0,1005,,,8.82
Skyler Gill-Howard,Texas Tech,3/26/2026,DL,Pro Day/Combine,6005,280,3058,0928,,,27,,,,,
Andre Fuller,Toledo,3/23/2026,CB,Pro Day/Combine,6010,200,3058,0938,4.49,1.56,,35.0,1009,4.28,,9.03
Avery Smith,Toledo,3/23/2026,CB,Pro Day/Combine,5105,196,2938,0838,4.54,1.61,,38.5,1005,4.46,7.03,6.32
Chip Trayanum,Toledo,3/23/2026,RB,Pro Day/Combine,5105,224,3148,0968,4.50,1.58,27,37.0,911,4.25,7.08,9.62
Emmanuel McNeil-Warren,Toledo,3/23/2026,S,Pro Day/Combine,6035,201,3218,0928,4.52,1.58,,35.5,1002,,,9.00
Malachi Lawrence,UCF,3/25/2026,ED,Pro Day/Combine,6043,253,3358,0928,4.52,1.57,,40.0,1010,,,9.95
Nyjalik Kelly,UCF,3/25/2026,ED,Pro Day/Combine,6053,256,3518,1038,4.88,1.69,,37.0,911,4.76,7.62,5.77
Garrett DiGiorgio,UCLA,3/11/2026,OT,Pro Day/Combine,6065,319,3258,1018,5.36,1.86,24,29.5,810,,,6.90
Gary Smith III,UCLA,3/11/2026,DT,Pro Day/Combine,6010,319,3248,978,,,,28.0,,,,
Joe Fagnano,Connecticut,3/24/2026,QB,Pro Day/Combine,6026,226,3138,0928,4.83,1.67,,35.0,910,4.35,,8.34
Skyler Bell,Connecticut,3/24/2026,WR,Pro Day/Combine,5115,192,3118,1000,4.40,1.52,,41.0,1101,4.11,6.65,9.83
Anthony Lucas,USC,3/12/2026,ED,Pro Day/Combine,6053,260,3338,1028,,,,,,,,
Bishop Fitzgerald,USC,3/12/2026,S,Pro Day/Combine,5110,201,3128,0958,4.55,1.58,12,33.0,,4.23,6.99,6.37
DJ Harvey,USC,3/12/2026,CB,Pro Day/Combine,5100,189,2878,0848,4.46,1.62,13,35.5,1003,4.38,7.13,3.74
Ja'Kobi Lane,USC,3/12/2026,WR,Pro Day/Combine,6041,200,3258,1038,4.47,1.58,11,40.0,1009,,,9.38
Kamari Ramsey,USC,3/12/2026,S,Pro Day/Combine,5117,202,3058,0928,4.47,1.57,16,36.0,1000,,,8.44
Makai Lemon,USC,3/12/2026,WR,Pro Day/Combine,5112,192,3048,0900,4.53,1.59,,,,,,
Eric Gentry,USC,3/12/2026,LB,Pro Day/Combine,6065,221,3500,1048,4.60,1.63,13,35.5,1004,4.41,6.76,7.64
Lake McRee,USC,3/12/2026,TE,Pro Day/Combine,6035,243,3148,0928,4.82,1.7,22,31.5,903,4.68,7.25,3.53
Caleb Lomu,Utah,3/19/2026,OT,Pro Day/Combine,6056,313,3338,0948,4.99,1.74,,32.5,905,,,9.78
Dallen Bentley,Utah,3/19/2026,TE,Pro Day/Combine,6035,253,3318,0928,4.62,1.62,24,35.0,910,4.42,7,9.23
Lander Barton,Utah,3/19/2026,LB,Pro Day/Combine,6045,233,3228,0948,4.79,1.64,,33.0,911,4.4,,7.02
Logan Fano,Utah,3/19/2026,ED,Pro Day/Combine,6047,257,3138,0938,4.59,1.56,,32.0,910,,,9.60
Spencer Fano,Utah,3/19/2026,OT,Pro Day/Combine,6055,311,3268,0900,4.91,1.72,,32.0,903,4.67,7.34,9.80
Robert Henry Jr.,UTSA,3/18/2026,RB,Pro Day/Combine,5090,196,3018,0918,4.52,1.59,,37.0,1004,4.31,,7.25
Diego Pavia,Vanderbilt,3/20/2026,QB,Pro Day/Combine,5097,207,2858,0958,4.83,1.65,,,,4.38,,4.53
Eli Stowers,Vanderbilt,3/20/2026,TE,Pro Day/Combine,6035,239,3258,0958,4.51,1.59,,45.5,1103,,,9.40
J'Mari Taylor,Virginia,3/17/2026,RB,Pro Day/Combine,6096,199,3000,0900,4.66,1.63,20,34.5,907,4.87,,
Demond Claiborne,Wake Forest,3/25/2026,RB,Pro Day/Combine,5096,188,3018,0900,4.37,1.59,,,1002,,,7.57
Fa'alili Fa'amoe,Wake Forest,3/25/2026,OT,Pro Day/Combine,6047,311,3378,1058,5.23,1.79,25,28.5,808,4.96,7.99,5.79
Ephesians Prysock,Washington,3/16/2026,CB,Pro Day/Combine,6027,196,3318,0958,4.45,1.56,,39.0,1004,4.15,6.82,9.71
Denzel Boston,Washington,3/16/2026,WR,Pro Day/Combine,6036,212,3200,0968,,,,35.0,,4.28,6.8,
Jonah Coleman,Washington,3/16/2026,RB,Pro Day/Combine,5083,220,2878,0918,,,22,,,,,
Tacario Davis,Washington,3/16/2026,CB,Pro Day/Combine,6036,194,3338,0928,4.41,1.59,10,37.0,1003,,,8.71
Carver Willis,Washington,3/16/2026,OT,Pro Day/Combine,6045,303,3248,0948,5.11,1.84,,26.5,900,4.71,,5.91
Nadame Tucker,Western Michigan,3/19/2026,ED,Pro Day/Combine,6017,247,3138,0900,4.73,1.63,22,33.5,911,4.68,7.44,5.91
Mason Reiger,Wisconsin,3/6/2026,ED,Pro Day/Combine,6050,251,3258,1038,4.78,1.61,,40.0,1005,,,9.53
Ricardo Hallman,Wisconsin,3/6/2026,CB,Pro Day/Combine,5090,183,3068,0878,4.55,1.58,13,37.0,907,4.38,7.22,3.28
Riley Mahlman,Wisconsin,3/6/2026,OT,Pro Day/Combine,6081,304,3228,0918,,,17,30.0,810,4.59,7.65,7.96
Vinny Anthony II,Wisconsin,3/6/2026,WR,Pro Day/Combine,6000,183,3118,0918,4.54,1.59,20,34.5,907,4.07,6.8,6.84
Caden Barnett,Wyoming,3/12/2026,OG,Pro Day/Combine,6037,316,3338,0948,5.05,1.73,22,31.0,809,4.55,7.65,9.54
John Michael Gyllenborg,Wyoming,3/12/2026,TE,Pro Day/Combine,6056,249,3100,1000,4.60,1.6,,35.5,1008,4.22,,9.75
,,,,,,,,,,,,,,,,
,,,,,,,,,,,,,,,,
,,,,,,,,,,,,,,,,
,,,,,,,,,,,,,,,,
,,,,,,,,,,,,,,,,
,,,,,,,,,,,,,,,,
,,,,,,,,,,,,,,,,
,,,,,,,,,,,,,,,,
,,,,,,,,,,,,,,,,
,,,,,,,,,,,,,,,,
,,,,,,,,,,,,,,,,
,,,,,,,,,,,,,,,,
,,,,,,,,,,,,,,,,
,,,,,,,,,,,,,,,,
,,,,,,,,,,,,,,,,
,,,,,,,,,,,,,,,,
,,,,,,,,,,,,,,,,
,,,,,,,,,,,,,,,,
,,,,,,,,,,,,,,,,
,,,,,,,,,,,,,,,,
,,,,,,,,,,,,,,,,
,,,,,,,,,,,,,,,,
,,,,,,,,,,,,,,,,
,,,,,,,,,,,,,,,,
,,,,,,,,,,,,,,,,
,,,,,,,,,,,,,,,,
,,,,,,,,,,,,,,,,
,,,,,,,,,,,,,,,,
,,,,,,,,,,,,,,,,
,,,,,,,,,,,,,,,,
,,,,,,,,,,,,,,,,
,,,,,,,,,,,,,,,,
,,,,,,,,,,,,,,,,
,,,,,,,,,,,,,,,,
,,,,,,,,,,,,,,,,
,,,,,,,,,,,,,,,,
,,,,,,,,,,,,,,,,
,,,,,,,,,,,,,,,,
,,,,,,,,,,,,,,,,
,,,,,,,,,,,,,,,,
,,,,,,,,,,,,,,,,
,,,,,,,,,,,,,,,,
,,,,,,,,,,,,,,,,
,,,,,,,,,,,,,,,,
,,,,,,,,,,,,,,,,
,,,,,,,,,,,,,,,,
,,,,,,,,,,,,,,,,
,,,,,,,,,,,,,,,,
,,,,,,,,,,,,,,,,
,,,,,,,,,,,,,,,,
,,,,,,,,,,,,,,,,
,,,,,,,,,,,,,,,,
,,,,,,,,,,,,,,,,
,,,,,,,,,,,,,,,,
,,,,,,,,,,,,,,,,
,,,,,,,,,,,,,,,,
,,,,,,,,,,,,,,,,
,,,,,,,,,,,,,,,,
,,,,,,,,,,,,,,,,
,,,,,,,,,,,,,,,,
,,,,,,,,,,,,,,,,
,,,,,,,,,,,,,,,,
,,,,,,,,,,,,,,,,
,,,,,,,,,,,,,,,,
,,,,,,,,,,,,,,,,
,,,,,,,,,,,,,,,,
,,,,,,,,,,,,,,,,
,,,,,,,,,,,,,,,,
,,,,,,,,,,,,,,,,
,,,,,,,,,,,,,,,,
,,,,,,,,,,,,,,,,
,,,,,,,,,,,,,,,,
,,,,,,,,,,,,,,,,
,,,,,,,,,,,,,,,,
,,,,,,,,,,,,,,,,
,,,,,,,,,,,,,,,,
,,,,,,,,,,,,,,,,
,,,,,,,,,,,,,,,,
,,,,,,,,,,,,,,,,
,,,,,,,,,,,,,,,,
,,,,,,,,,,,,,,,,
,,,,,,,,,,,,,,,,
,,,,,,,,,,,,,,,,
,,,,,,,,,,,,,,,,
,,,,,,,,,,,,,,,,
,,,,,,,,,,,,,,,,
,,,,,,,,,,,,,,,,
,,,,,,,,,,,,,,,,
,,,,,,,,,,,,,,,,
,,,,,,,,,,,,,,,,
,,,,,,,,,,,,,,,,
,,,,,,,,,,,,,,,,
,,,,,,,,,,,,,,,,
,,,,,,,,,,,,,,,,
,,,,,,,,,,,,,,,,
,,,,,,,,,,,,,,,,
,,,,,,,,,,,,,,,,
,,,,,,,,,,,,,,,,
,,,,,,,,,,,,,,,,
,,,,,,,,,,,,,,,,
,,,,,,,,,,,,,,,,
,,,,,,,,,,,,,,,,
,,,,,,,,,,,,,,,,
,,,,,,,,,,,,,,,,
,,,,,,,,,,,,,,,,
,,,,,,,,,,,,,,,,
,,,,,,,,,,,,,,,,
,,,,,,,,,,,,,,,,
,,,,,,,,,,,,,,,,
,,,,,,,,,,,,,,,,
,,,,,,,,,,,,,,,,
,,,,,,,,,,,,,,,,
,,,,,,,,,,,,,,,,
,,,,,,,,,,,,,,,,
,,,,,,,,,,,,,,,,
,,,,,,,,,,,,,,,,
,,,,,,,,,,,,,,,,
,,,,,,,,,,,,,,,,
,,,,,,,,,,,,,,,,
,,,,,,,,,,,,,,,,
,,,,,,,,,,,,,,,,
,,,,,,,,,,,,,,,,
,,,,,,,,,,,,,,,,
,,,,,,,,,,,,,,,,
,,,,,,,,,,,,,,,,
,,,,,,,,,,,,,,,,
,,,,,,,,,,,,,,,,
,,,,,,,,,,,,,,,,
,,,,,,,,,,,,,,,,
,,,,,,,,,,,,,,,,
,,,,,,,,,,,,,,,,
,,,,,,,,,,,,,,,,
,,,,,,,,,,,,,,,,
,,,,,,,,,,,,,,,,
,,,,,,,,,,,,,,,,
,,,,,,,,,,,,,,,,
,,,,,,,,,,,,,,,,
,,,,,,,,,,,,,,,,
,,,,,,,,,,,,,,,,
,,,,,,,,,,,,,,,,
,,,,,,,,,,,,,,,,
,,,,,,,,,,,,,,,,
,,,,,,,,,,,,,,,,
,,,,,,,,,,,,,,,,
,,,,,,,,,,,,,,,,
,,,,,,,,,,,,,,,,
,,,,,,,,,,,,,,,,
,,,,,,,,,,,,,,,,
,,,,,,,,,,,,,,,,
,,,,,,,,,,,,,,,,
,,,,,,,,,,,,,,,,
,,,,,,,,,,,,,,,,
,,,,,,,,,,,,,,,,
,,,,,,,,,,,,,,,,
,,,,,,,,,,,,,,,,
,,,,,,,,,,,,,,,,
,,,,,,,,,,,,,,,,
,,,,,,,,,,,,,,,,
,,,,,,,,,,,,,,,,
,,,,,,,,,,,,,,,,
,,,,,,,,,,,,,,,,
,,,,,,,,,,,,,,,,
,,,,,,,,,,,,,,,,
,,,,,,,,,,,,,,,,
,,,,,,,,,,,,,,,,
,,,,,,,,,,,,,,,,
,,,,,,,,,,,,,,,,
,,,,,,,,,,,,,,,,
,,,,,,,,,,,,,,,,
,,,,,,,,,,,,,,,,
,,,,,,,,,,,,,,,,
,,,,,,,,,,,,,,,,
,,,,,,,,,,,,,,,,
,,,,,,,,,,,,,,,,
,,,,,,,,,,,,,,,,
,,,,,,,,,,,,,,,,
,,,,,,,,,,,,,,,,
,,,,,,,,,,,,,,,,
,,,,,,,,,,,,,,,,
,,,,,,,,,,,,,,,,
,,,,,,,,,,,,,,,,
,,,,,,,,,,,,,,,,
,,,,,,,,,,,,,,,,
,,,,,,,,,,,,,,,,
,,,,,,,,,,,,,,,,
,,,,,,,,,,,,,,,,
,,,,,,,,,,,,,,,,
,,,,,,,,,,,,,,,,
,,,,,,,,,,,,,,,,
,,,,,,,,,,,,,,,,
,,,,,,,,,,,,,,,,
,,,,,,,,,,,,,,,,
,,,,,,,,,,,,,,,,
,,,,,,,,,,,,,,,,
,,,,,,,,,,,,,,,,
,,,,,,,,,,,,,,,,
,,,,,,,,,,,,,,,,
,,,,,,,,,,,,,,,,
,,,,,,,,,,,,,,,,
,,,,,,,,,,,,,,,,
,,,,,,,,,,,,,,,,
,,,,,,,,,,,,,,,,
,,,,,,,,,,,,,,,,
,,,,,,,,,,,,,,,,
,,,,,,,,,,,,,,,,
,,,,,,,,,,,,,,,,
,,,,,,,,,,,,,,,,
,,,,,,,,,,,,,,,,
,,,,,,,,,,,,,,,,
,,,,,,,,,,,,,,,,
,,,,,,,,,,,,,,,,
,,,,,,,,,,,,,,,,
,,,,,,,,,,,,,,,,
,,,,,,,,,,,,,,,,
,,,,,,,,,,,,,,,,
,,,,,,,,,,,,,,,,
,,,,,,,,,,,,,,,,
,,,,,,,,,,,,,,,,
,,,,,,,,,,,,,,,,
,,,,,,,,,,,,,,,,
,,,,,,,,,,,,,,,,
,,,,,,,,,,,,,,,,
,,,,,,,,,,,,,,,,
,,,,,,,,,,,,,,,,
,,,,,,,,,,,,,,,,
,,,,,,,,,,,,,,,,
,,,,,,,,,,,,,,,,
,,,,,,,,,,,,,,,,
,,,,,,,,,,,,,,,,
,,,,,,,,,,,,,,,,
,,,,,,,,,,,,,,,,
,,,,,,,,,,,,,,,,
,,,,,,,,,,,,,,,,
,,,,,,,,,,,,,,,,
,,,,,,,,,,,,,,,,
,,,,,,,,,,,,,,,,
,,,,,,,,,,,,,,,,
,,,,,,,,,,,,,,,,
,,,,,,,,,,,,,,,,
,,,,,,,,,,,,,,,,
,,,,,,,,,,,,,,,,
,,,,,,,,,,,,,,,,
,,,,,,,,,,,,,,,,
,,,,,,,,,,,,,,,,
,,,,,,,,,,,,,,,,
,,,,,,,,,,,,,,,,
,,,,,,,,,,,,,,,,
,,,,,,,,,,,,,,,,
,,,,,,,,,,,,,,,,
Carsen Ryan,BYU,3/20/2026,TE,Pro Day/Combine,6033,255,3138,1000,4.71,1.6,23,33.5,907,4.22,6.97,9.25
Connor Tollison,Missouri,3/20/2026,OC,Pro Day/Combine,6036,295,3268,0948,5.38,1.89,,24.0,800,5,7.75,1.99
Lewis Bond,Boston College,3/23/2026,WR,Pro Day/Combine,5106,190,2928,0978,4.59,1.52,15,35.0,1003,4.34,7.13,5.81
Cyrus Allen,Cincinnati,3/24/2026,WR,Pro Day/Combine,5112,183,3078,0918,4.49,1.56,14,36.0,1100,4.17,6.9,8.68
Jalen Stroman,Notre Dame,3/24/2026,S,Pro Day/Combine,6003,203,3158,0878,4.70,1.67,14,36.0,1003,4.41,7.18,4.53
Devon Marshall,NC State,3/24/2026,CB,Pro Day/Combine,5100,194,3078,0868,4.64,1.59,12,32.5,1003,4.4,7.02,4.23