game_id,pfr_game_id,season,week,game_type,team,opponent,pfr_player_name,pfr_player_id,rushing_broken_tackles,receiving_broken_tackles,passing_drops,passing_drop_pct,receiving_drop,receiving_drop_pct,receiving_int,receiving_rat
2026_01_NE_SEA,202609090sea,2026,1,REG,SEA,NE,Jaxon Smith-Njigba,SmitJa06,,0,,,0,0,0,139.2
2026_01_NE_SEA,202609090sea,2026,1,REG,SEA,NE,AJ Barner,BarnAJ00,,0,,,0,0,0,93.7
2026_01_NE_SEA,202609090sea,2026,1,REG,SEA,NE,Cooper Kupp,KuppCo00,,0,,,0,0,0,106.2
2026_01_NE_SEA,202609090sea,2026,1,REG,SEA,NE,Jadarian Price,PricJa02,,0,,,0,0,0,79.2
2026_01_NE_SEA,202609090sea,2026,1,REG,SEA,NE,Brady Russell,RussBr00,,0,,,0,0,0,108.3
2026_01_NE_SEA,202609090sea,2026,1,REG,SEA,NE,Rashid Shaheed,ShahRa00,,0,,,0,0,0,42.4
2026_01_NE_SEA,202609090sea,2026,1,REG,SEA,NE,George Holani,HolaGe00,,0,,,0,0,0,39.6
2026_01_NE_SEA,202609090sea,2026,1,REG,NE,SEA,DeMario Douglas,DougDe00,,0,,,0,0,1,34.5
2026_01_NE_SEA,202609090sea,2026,1,REG,NE,SEA,Rhamondre Stevenson,StevRh00,,0,,,0,0,0,97.2
2026_01_NE_SEA,202609090sea,2026,1,REG,NE,SEA,Mack Hollins,HollMa00,,0,,,0,0,1,69.6
2026_01_NE_SEA,202609090sea,2026,1,REG,NE,SEA,A.J. Brown,BrowAJ00,,0,,,0,0,0,91.7
2026_01_NE_SEA,202609090sea,2026,1,REG,NE,SEA,Hunter Henry,HenrHu00,,1,,,0,0,0,102.8
2026_01_NE_SEA,202609090sea,2026,1,REG,NE,SEA,Lan Larison,LariLa00,,0,,,0,0,0,85.4
2026_01_NE_SEA,202609090sea,2026,1,REG,NE,SEA,Eli Raridon,RariEl00,,0,,,0,0,0,118.7
2026_01_NE_SEA,202609090sea,2026,1,REG,NE,SEA,Romeo Doubs,DoubRo00,,0,,,1,0.333,1,0
2026_01_SF_LA,202609100ram,2026,1,REG,LA,SF,Puka Nacua,NacuPu00,,2,,,0,0,1,43.1
2026_01_SF_LA,202609100ram,2026,1,REG,LA,SF,Kyren Williams,WillKy02,,0,,,0,0,0,100
2026_01_SF_LA,202609100ram,2026,1,REG,LA,SF,Davante Adams,AdamDa01,,0,,,0,0,0,61.8
2026_01_SF_LA,202609100ram,2026,1,REG,LA,SF,Tyler Higbee,HigbTy00,,0,,,0,0,0,91.7
2026_01_SF_LA,202609100ram,2026,1,REG,LA,SF,Colby Parkinson,ParkCo02,,0,,,0,0,0,56.2
2026_01_SF_LA,202609100ram,2026,1,REG,LA,SF,Ronnie Rivers,RiveRo01,,1,,,0,0,0,87.5
2026_01_SF_LA,202609100ram,2026,1,REG,LA,SF,Jordan Whittington,WhitJo04,,0,,,0,0,0,100
2026_01_SF_LA,202609100ram,2026,1,REG,LA,SF,Davis Allen,AlleDa02,,0,,,0,0,0,118.7
2026_01_SF_LA,202609100ram,2026,1,REG,LA,SF,Konata Mumpfield,MumpKo00,,0,,,0,0,0,39.6
2026_01_SF_LA,202609100ram,2026,1,REG,LA,SF,Terrance Ferguson,FergTe00,,0,,,0,0,0,39.6
2026_01_SF_LA,202609100ram,2026,1,REG,SF,LA,Mike Evans,EvanMi00,,0,,,0,0,0,135.4
2026_01_SF_LA,202609100ram,2026,1,REG,SF,LA,Deebo Samuel,SamuDe00,,0,,,1,0.143,0,134.8
2026_01_SF_LA,202609100ram,2026,1,REG,SF,LA,Christian McCaffrey,McCaCh01,,0,,,0,0,0,66.7
2026_01_SF_LA,202609100ram,2026,1,REG,SF,LA,Luke Farrell,FarrLu00,,0,,,0,0,0,106.2
2026_01_SF_LA,202609100ram,2026,1,REG,SF,LA,Demarcus Robinson,RobiDe01,,0,,,0,0,0,149.3
2026_01_SF_LA,202609100ram,2026,1,REG,SF,LA,George Kittle,KittGe00,,1,,,0,0,1,8.3
2026_01_SF_LA,202609100ram,2026,1,REG,SF,LA,Kaelon Black,BlacKa00,,0,,,0,0,0,87.5
2026_01_SF_LA,202609100ram,2026,1,REG,SF,LA,Jake Brendel,BrenJa01,,0,,,0,0,0,79.2
2026_01_CHI_CAR,202609130car,2026,1,REG,CAR,CHI,Jalen Coker,CokeJa01,,1,,,0,0,1,118.7
2026_01_CHI_CAR,202609130car,2026,1,REG,CAR,CHI,Tetairoa McMillan,McMiTe00,,0,,,0,0,0,93.2
2026_01_CHI_CAR,202609130car,2026,1,REG,CAR,CHI,Chuba Hubbard,HubbCh01,,1,,,0,0,0,158.3
2026_01_CHI_CAR,202609130car,2026,1,REG,CAR,CHI,Tommy Tremble,TremTo00,,1,,,0,0,0,72.9
2026_01_CHI_CAR,202609130car,2026,1,REG,CAR,CHI,Darren Waller,WallDa01,,0,,,0,0,0,118.7
2026_01_CHI_CAR,202609130car,2026,1,REG,CAR,CHI,Jonathon Brooks,BrooJo02,,0,,,0,0,0,95.8
2026_01_CHI_CAR,202609130car,2026,1,REG,CAR,CHI,Mitchell Evans,EvanMi01,,0,,,0,0,0,62.5
2026_01_CHI_CAR,202609130car,2026,1,REG,CAR,CHI,Xavier Legette,LegeXa00,,0,,,1,0.5,0,39.6
2026_01_CHI_CAR,202609130car,2026,1,REG,CAR,CHI,Jimmy Horn,HornJi00,,0,,,0,0,0,39.6
2026_01_CHI_CAR,202609130car,2026,1,REG,CHI,CAR,Kalif Raymond,RaymKa00,,0,,,0,0,0,105.6
2026_01_CHI_CAR,202609130car,2026,1,REG,CHI,CAR,Luther Burden,BurdLu00,,1,,,0,0,0,118.7
2026_01_CHI_CAR,202609130car,2026,1,REG,CHI,CAR,Rome Odunze,OdunRo00,,3,,,0,0,0,109.7
2026_01_CHI_CAR,202609130car,2026,1,REG,CHI,CAR,Cole Kmet,KmetCo00,,0,,,0,0,0,145.8
2026_01_CHI_CAR,202609130car,2026,1,REG,CHI,CAR,Kyle Monangai,MonaKy00,,0,,,0,0,0,116.7
2026_01_CHI_CAR,202609130car,2026,1,REG,CHI,CAR,Jahdae Walker,WalkJa03,,0,,,0,0,0,118.7
2026_01_CHI_CAR,202609130car,2026,1,REG,CHI,CAR,D'Andre Swift,SwifDA00,,1,,,0,0,0,108.3
2026_01_CHI_CAR,202609130car,2026,1,REG,CHI,CAR,Colston Loveland,LoveCo00,,0,,,0,0,0,39.6
2026_01_TB_CIN,202609130cin,2026,1,REG,CIN,TB,Chase Brown,BrowCh10,,2,,,0,0,0,81.9
2026_01_TB_CIN,202609130cin,2026,1,REG,CIN,TB,Mike Gesicki,GesiMi00,,0,,,0,0,0,147.6
2026_01_TB_CIN,202609130cin,2026,1,REG,CIN,TB,Tee Higgins,HiggTe00,,1,,,0,0,0,84.7
2026_01_TB_CIN,202609130cin,2026,1,REG,CIN,TB,Samaje Perine,PeriSa00,,0,,,0,0,0,108.3
2026_01_TB_CIN,202609130cin,2026,1,REG,CIN,TB,Drew Sample,SampDr00,,0,,,0,0,0,93.1
2026_01_TB_CIN,202609130cin,2026,1,REG,CIN,TB,Ja'Marr Chase,ChasJa00,,0,,,0,0,0,56.2
2026_01_TB_CIN,202609130cin,2026,1,REG,CIN,TB,Andrei Iosivas,IosiAn00,,0,,,0,0,1,34.7
2026_01_TB_CIN,202609130cin,2026,1,REG,CIN,TB,Tanner Hudson,HudsTa00,,0,,,0,0,0,83.3
2026_01_TB_CIN,202609130cin,2026,1,REG,CIN,TB,Dohnte Meyers,MeyeDo00,,0,,,0,0,0,118.7
2026_01_TB_CIN,202609130cin,2026,1,REG,TB,CIN,Bucky Irving,IrviBu00,,0,,,0,0,0,95.2
2026_01_TB_CIN,202609130cin,2026,1,REG,TB,CIN,Emeka Egbuka,EgbuEm01,,0,,,0,0,0,110.4
2026_01_TB_CIN,202609130cin,2026,1,REG,TB,CIN,Chris Godwin,GodwCh00,,1,,,0,0,0,108.3
2026_01_TB_CIN,202609130cin,2026,1,REG,TB,CIN,Ted Hurst,HursTe00,,0,,,0,0,0,116.7
2026_01_TB_CIN,202609130cin,2026,1,REG,TB,CIN,Cade Otton,OttoCa00,,0,,,1,0.2,0,73.7
2026_01_TB_CIN,202609130cin,2026,1,REG,TB,CIN,Kenneth Gainwell,GainKe00,,0,,,0,0,0,79.2
2026_01_TB_CIN,202609130cin,2026,1,REG,TB,CIN,Tez Johnson,JohnTe03,,0,,,0,0,0,39.6
2026_01_NO_DET,202609130det,2026,1,REG,DET,NO,Amon-Ra St. Brown,StxxAm00,,0,,,0,0,0,121.1
2026_01_NO_DET,202609130det,2026,1,REG,DET,NO,Jahmyr Gibbs,GibbJa01,,1,,,0,0,0,91.7
2026_01_NO_DET,202609130det,2026,1,REG,DET,NO,Sam LaPorta,LaPoSa01,,0,,,0,0,0,79.2
2026_01_NO_DET,202609130det,2026,1,REG,DET,NO,Jameson Williams,WillJa11,,0,,,2,0.222,0,60
2026_01_NO_DET,202609130det,2026,1,REG,DET,NO,Sione Vaki,VakiSi00,,0,,,0,0,0,112.5
2026_01_NO_DET,202609130det,2026,1,REG,DET,NO,Brock Wright,WrigBr01,,0,,,0,0,0,87.5
2026_01_NO_DET,202609130det,2026,1,REG,DET,NO,Isaac TeSlaa,TeSlIs00,,0,,,0,0,0,39.6
2026_01_NO_DET,202609130det,2026,1,REG,NO,DET,Chris Olave,OlavCh00,,0,,,1,0.077,0,118.3
2026_01_NO_DET,202609130det,2026,1,REG,NO,DET,Travis Etienne,EtieTr00,,0,,,0,0,0,81.5
2026_01_NO_DET,202609130det,2026,1,REG,NO,DET,Devaughn Vele,VeleDe00,,0,,,1,0.111,0,135.6
2026_01_NO_DET,202609130det,2026,1,REG,NO,DET,Noah Fant,FantNo00,,0,,,0,0,2,60.9
2026_01_NO_DET,202609130det,2026,1,REG,NO,DET,Juwan Johnson,JohnJu02,,0,,,0,0,0,109.5
2026_01_NO_DET,202609130det,2026,1,REG,NO,DET,Bryce Lance,LancBr00,,0,,,0,0,0,108.3
2026_01_NO_DET,202609130det,2026,1,REG,NO,DET,CJ Donaldson,DonaCJ00,,0,,,0,0,0,56.2
2026_01_BUF_HOU,202609130htx,2026,1,REG,HOU,BUF,Nico Collins,CollNi00,,0,,,0,0,0,125
2026_01_BUF_HOU,202609130htx,2026,1,REG,HOU,BUF,Dalton Schultz,SchuDa00,,0,,,1,0.125,0,62
2026_01_BUF_HOU,202609130htx,2026,1,REG,HOU,BUF,David Montgomery,MontDa01,,0,,,0,0,0,132.6
2026_01_BUF_HOU,202609130htx,2026,1,REG,HOU,BUF,Xavier Hutchinson,HutcXa00,,0,,,0,0,0,66
2026_01_BUF_HOU,202609130htx,2026,1,REG,HOU,BUF,Foster Moreau,MoreFo00,,0,,,0,0,0,97.9
2026_01_BUF_HOU,202609130htx,2026,1,REG,HOU,BUF,Jaylin Noel,NoelJa00,,0,,,0,0,0,118.7
2026_01_BUF_HOU,202609130htx,2026,1,REG,HOU,BUF,Kayshon Boutte,BoutKa00,,0,,,0,0,0,87.5
2026_01_BUF_HOU,202609130htx,2026,1,REG,HOU,BUF,Woody Marks,MarkWo00,,0,,,0,0,0,79.2
2026_01_BUF_HOU,202609130htx,2026,1,REG,HOU,BUF,Marlin Klein,KleiMa00,,0,,,0,0,0,118.7
2026_01_BUF_HOU,202609130htx,2026,1,REG,HOU,BUF,Cade Stover,StovCa00,,0,,,0,0,0,79.2
2026_01_BUF_HOU,202609130htx,2026,1,REG,HOU,BUF,Jared Wayne,WaynJa01,,0,,,0,0,0,116.7
2026_01_BUF_HOU,202609130htx,2026,1,REG,BUF,HOU,Dalton Kincaid,KincDa00,,2,,,0,0,0,118.7
2026_01_BUF_HOU,202609130htx,2026,1,REG,BUF,HOU,D.J. Moore,MoorD.00,,0,,,0,0,0,145.8
2026_01_BUF_HOU,202609130htx,2026,1,REG,BUF,HOU,Khalil Shakir,ShakKh00,,0,,,0,0,0,92.4
2026_01_BUF_HOU,202609130htx,2026,1,REG,BUF,HOU,James Cook,CookJa01,,0,,,0,0,0,77.1
2026_01_BUF_HOU,202609130htx,2026,1,REG,BUF,HOU,Keon Coleman,ColeKe02,,0,,,0,0,0,79.2
2026_01_BUF_HOU,202609130htx,2026,1,REG,BUF,HOU,Dawson Knox,KnoxDa00,,0,,,0,0,0,95.8
2026_01_BUF_HOU,202609130htx,2026,1,REG,BUF,HOU,Josh Palmer,PalmJo00,,0,,,0,0,0,135.4
2026_01_BAL_IND,202609130clt,2026,1,REG,IND,BAL,Keenan Allen,AlleKe00,,0,,,0,0,0,88.9
2026_01_BAL_IND,202609130clt,2026,1,REG,IND,BAL,Alec Pierce,PierAl00,,0,,,0,0,0,100
2026_01_BAL_IND,202609130clt,2026,1,REG,IND,BAL,Jonathan Taylor,TaylJo02,,1,,,1,0.25,0,88.5
2026_01_BAL_IND,202609130clt,2026,1,REG,IND,BAL,Tyler Warren,WarrTy00,,0,,,0,0,0,104.2
2026_01_BAL_IND,202609130clt,2026,1,REG,IND,BAL,Josh Downs,DownJo00,,0,,,0,0,0,82.3
2026_01_BAL_IND,202609130clt,2026,1,REG,IND,BAL,Seth McGowan,McGoSe01,,0,,,0,0,0,79.2
2026_01_BAL_IND,202609130clt,2026,1,REG,IND,BAL,Ashton Dulin,DuliAs00,,0,,,1,1,0,39.6
2026_01_BAL_IND,202609130clt,2026,1,REG,IND,BAL,Andrew Ogletree,OgleAn00,,0,,,1,1,0,39.6
2026_01_BAL_IND,202609130clt,2026,1,REG,IND,BAL,Laquon Treadwell,TreaLa00,,0,,,0,0,1,0
2026_01_BAL_IND,202609130clt,2026,1,REG,BAL,IND,Zay Flowers,FlowZa00,,0,,,0,0,0,158.3
2026_01_BAL_IND,202609130clt,2026,1,REG,BAL,IND,Mark Andrews,AndrMa00,,0,,,1,0.167,0,91.7
2026_01_BAL_IND,202609130clt,2026,1,REG,BAL,IND,LaJohntay Wester,WestLa01,,0,,,0,0,0,97.9
2026_01_BAL_IND,202609130clt,2026,1,REG,BAL,IND,Derrick Henry,HenrDe00,,0,,,0,0,0,118.7
2026_01_BAL_IND,202609130clt,2026,1,REG,BAL,IND,Matthew Hibner,HibnMa00,,0,,,0,0,0,118.7
2026_01_BAL_IND,202609130clt,2026,1,REG,BAL,IND,Justice Hill,HillJu00,,0,,,0,0,0,108.3
2026_01_BAL_IND,202609130clt,2026,1,REG,BAL,IND,Ja'Kobi Lane,LaneJa01,,0,,,0,0,0,45.1
2026_01_BAL_IND,202609130clt,2026,1,REG,BAL,IND,Chris Moore,MoorCh00,,0,,,0,0,0,95.8
2026_01_BAL_IND,202609130clt,2026,1,REG,BAL,IND,Durham Smythe,SmytDu00,,0,,,0,0,0,83.3
2026_01_BAL_IND,202609130clt,2026,1,REG,BAL,IND,Rashod Bateman,BateRa00,,0,,,0,0,0,39.6
2026_01_CLE_JAX,202609130jax,2026,1,REG,JAX,CLE,Parker Washington,WashPa01,,0,,,0,0,0,158.3
2026_01_CLE_JAX,202609130jax,2026,1,REG,JAX,CLE,Brian Thomas,ThomBr06,,0,,,0,0,0,118.7
2026_01_CLE_JAX,202609130jax,2026,1,REG,JAX,CLE,Josh Cameron,CameJo01,,0,,,0,0,0,147.9
2026_01_CLE_JAX,202609130jax,2026,1,REG,JAX,CLE,Jakobi Meyers,MeyeJa01,,0,,,0,0,0,158.3
2026_01_CLE_JAX,202609130jax,2026,1,REG,JAX,CLE,Brenton Strange,StraBr00,,0,,,0,0,0,129.2
2026_01_CLE_JAX,202609130jax,2026,1,REG,JAX,CLE,Travis Hunter,HuntTr00,,0,,,0,0,0,100
2026_01_CLE_JAX,202609130jax,2026,1,REG,JAX,CLE,Nate Boerkircher,BoerNa00,,0,,,0,0,0,104.2
2026_01_CLE_JAX,202609130jax,2026,1,REG,JAX,CLE,Bhayshul Tuten,TuteBh00,,0,,,0,0,0,118.7
2026_01_CLE_JAX,202609130jax,2026,1,REG,JAX,CLE,Ameer Abdullah,AbduAm00,,0,,,0,0,0,79.2
2026_01_CLE_JAX,202609130jax,2026,1,REG,JAX,CLE,Quintin Morris,MorrQu00,,0,,,0,0,0,39.6
2026_01_CLE_JAX,202609130jax,2026,1,REG,CLE,JAX,KC Concepcion,ConcKC00,,1,,,0,0,0,102.5
2026_01_CLE_JAX,202609130jax,2026,1,REG,CLE,JAX,Raheim Sanders,SandRa00,,0,,,0,0,0,101.4
2026_01_CLE_JAX,202609130jax,2026,1,REG,CLE,JAX,Denzel Boston,BostDe00,,0,,,0,0,0,135.4
2026_01_CLE_JAX,202609130jax,2026,1,REG,CLE,JAX,Quinshon Judkins,JudkQu00,,1,,,0,0,0,102.1
2026_01_CLE_JAX,202609130jax,2026,1,REG,CLE,JAX,Harold Fannin,FannHa00,,0,,,0,0,0,86.8
2026_01_CLE_JAX,202609130jax,2026,1,REG,CLE,JAX,Jerry Jeudy,JeudJe00,,0,,,0,0,1,31.2
2026_01_CLE_JAX,202609130jax,2026,1,REG,CLE,JAX,Blake Whiteheart,WhitBl01,,0,,,0,0,0,118.7
2026_01_ATL_PIT,202609130pit,2026,1,REG,PIT,ATL,Pat Freiermuth,FreiPa00,,1,,,0,0,0,144.6
2026_01_ATL_PIT,202609130pit,2026,1,REG,PIT,ATL,Jaylen Warren,WarrJa01,,2,,,0,0,0,85.4
2026_01_ATL_PIT,202609130pit,2026,1,REG,PIT,ATL,D.K. Metcalf,MetcDK00,,0,,,1,0.1,0,52.1
2026_01_ATL_PIT,202609130pit,2026,1,REG,PIT,ATL,Michael Pittman Jr.,PittMi01,,1,,,0,0,0,118.7
2026_01_ATL_PIT,202609130pit,2026,1,REG,PIT,ATL,Roman Wilson,WilsRo02,,0,,,0,0,0,61.8
2026_01_ATL_PIT,202609130pit,2026,1,REG,PIT,ATL,Rico Dowdle,DowdRi01,,0,,,1,0.2,0,47.9
2026_01_ATL_PIT,202609130pit,2026,1,REG,PIT,ATL,Darnell Washington,WashDa03,,1,,,0,0,0,104.2
2026_01_ATL_PIT,202609130pit,2026,1,REG,ATL,PIT,Bijan Robinson,RobiBi01,,3,,,0,0,1,97.9
2026_01_ATL_PIT,202609130pit,2026,1,REG,ATL,PIT,Drake London,LondDr00,,0,,,0,0,0,74
2026_01_ATL_PIT,202609130pit,2026,1,REG,ATL,PIT,Jahan Dotson,DotsJa00,,0,,,0,0,1,16.7
2026_01_ATL_PIT,202609130pit,2026,1,REG,ATL,PIT,Olamide Zaccheaus,ZaccOl01,,0,,,0,0,0,87.5
2026_01_ATL_PIT,202609130pit,2026,1,REG,ATL,PIT,Kyle Pitts,PittKy00,,0,,,0,0,0,39.6
2026_01_NYJ_TEN,202609130oti,2026,1,REG,TEN,NYJ,Wan'Dale Robinson,RobiWa01,,0,,,0,0,0,93.1
2026_01_NYJ_TEN,202609130oti,2026,1,REG,TEN,NYJ,Gunnar Helm,HelmGu00,,0,,,0,0,0,90
2026_01_NYJ_TEN,202609130oti,2026,1,REG,TEN,NYJ,Carnell Tate,TateCa00,,0,,,0,0,0,84
2026_01_NYJ_TEN,202609130oti,2026,1,REG,TEN,NYJ,Tyjae Spears,SpeaTy00,,0,,,0,0,0,56.2
2026_01_NYJ_TEN,202609130oti,2026,1,REG,TEN,NYJ,Tony Pollard,PollTo00,,0,,,0,0,0,56.2
2026_01_NYJ_TEN,202609130oti,2026,1,REG,TEN,NYJ,Chimere Dike,DikeCh00,,0,,,0,0,0,95.8
2026_01_NYJ_TEN,202609130oti,2026,1,REG,TEN,NYJ,Daniel Bellinger,BellDa00,,0,,,0,0,0,95.8
2026_01_NYJ_TEN,202609130oti,2026,1,REG,TEN,NYJ,Elic Ayomanor,AyomEl00,,0,,,0,0,0,84.7
2026_01_NYJ_TEN,202609130oti,2026,1,REG,NYJ,TEN,Garrett Wilson,WilsGa00,,1,,,1,0.143,0,113.7
2026_01_NYJ_TEN,202609130oti,2026,1,REG,NYJ,TEN,Adonai Mitchell,MitcAd00,,0,,,0,0,0,118.7
2026_01_NYJ_TEN,202609130oti,2026,1,REG,NYJ,TEN,Kenyon Sadiq,SadiKe00,,0,,,0,0,0,95.8
2026_01_NYJ_TEN,202609130oti,2026,1,REG,NYJ,TEN,Mason Taylor,TaylMa02,,0,,,0,0,0,70.1
2026_01_NYJ_TEN,202609130oti,2026,1,REG,NYJ,TEN,Breece Hall,HallBr03,,0,,,0,0,0,100
2026_01_NYJ_TEN,202609130oti,2026,1,REG,NYJ,TEN,Isaiah Williams,WillIs03,,0,,,0,0,0,95.8
2026_01_NYJ_TEN,202609130oti,2026,1,REG,NYJ,TEN,Omar Cooper,CoopOm00,,2,,,0,0,0,118.7
2026_01_NYJ_TEN,202609130oti,2026,1,REG,NYJ,TEN,Jeremy Ruckert,RuckJe00,,0,,,0,0,0,83.3
2026_01_NYJ_TEN,202609130oti,2026,1,REG,NYJ,TEN,Arian Smith,SmitAr01,,0,,,1,1,0,39.6
2026_01_NYJ_TEN,202609130oti,2026,1,REG,NYJ,TEN,Braelon Allen,AlleBr05,,0,,,0,0,0,39.6
2026_01_ARI_LAC,202609130sdg,2026,1,REG,LAC,ARI,Ladd McConkey,McCoLa00,,0,,,0,0,0,150
2026_01_ARI_LAC,202609130sdg,2026,1,REG,LAC,ARI,David Njoku,NjokDa00,,0,,,0,0,0,115
2026_01_ARI_LAC,202609130sdg,2026,1,REG,LAC,ARI,Tre Harris,HarrTr03,,0,,,0,0,0,57.6
2026_01_ARI_LAC,202609130sdg,2026,1,REG,LAC,ARI,Oronde Gadsden II,GadsOr01,,0,,,0,0,0,118.7
2026_01_ARI_LAC,202609130sdg,2026,1,REG,LAC,ARI,Quentin Johnston,JohnQu02,,0,,,0,0,0,42.4
2026_01_ARI_LAC,202609130sdg,2026,1,REG,LAC,ARI,Derius Davis,DaviDe02,,0,,,0,0,1,0
2026_01_ARI_LAC,202609130sdg,2026,1,REG,ARI,LAC,Trey McBride,McBrTr01,,2,,,1,0.077,0,115.9
2026_01_ARI_LAC,202609130sdg,2026,1,REG,ARI,LAC,Kendrick Bourne,BourKe00,,0,,,0,0,0,105.7
2026_01_ARI_LAC,202609130sdg,2026,1,REG,ARI,LAC,Michael Wilson,WilsMi02,,0,,,0,0,0,94.9
2026_01_ARI_LAC,202609130sdg,2026,1,REG,ARI,LAC,Tyler Allgeier,AllgTy00,,0,,,0,0,0,85.4
2026_01_ARI_LAC,202609130sdg,2026,1,REG,ARI,LAC,Jeremiyah Love,LoveJe00,,0,,,1,0.25,0,56.2
2026_01_ARI_LAC,202609130sdg,2026,1,REG,ARI,LAC,Marvin Harrison Jr.,HarrMa09,,0,,,1,0.333,0,75.7
2026_01_MIA_LV,202609130rai,2026,1,REG,LV,MIA,Ashton Jeanty,JeanAs00,,0,,,0,0,0,137.5
2026_01_MIA_LV,202609130rai,2026,1,REG,LV,MIA,Michael Mayer,MayeMi00,,1,,,0,0,0,85.7
2026_01_MIA_LV,202609130rai,2026,1,REG,LV,MIA,Jack Bech,BechJa00,,1,,,0,0,1,88.5
2026_01_MIA_LV,202609130rai,2026,1,REG,LV,MIA,Jalen Nailor,NailJa00,,0,,,0,0,1,35
2026_01_MIA_LV,202609130rai,2026,1,REG,LV,MIA,Tre Tucker,TuckTr00,,0,,,0,0,0,71.9
2026_01_MIA_LV,202609130rai,2026,1,REG,LV,MIA,Malik Benson,BensMa00,,0,,,0,0,0,56.2
2026_01_MIA_LV,202609130rai,2026,1,REG,LV,MIA,Cody White,WhitCo05,,0,,,0,0,0,39.6
2026_01_MIA_LV,202609130rai,2026,1,REG,MIA,LV,Caleb Douglas,DougCa00,,1,,,0,0,1,74.1
2026_01_MIA_LV,202609130rai,2026,1,REG,MIA,LV,De'Von Achane,AchaDe00,,1,,,0,0,0,91.7
2026_01_MIA_LV,202609130rai,2026,1,REG,MIA,LV,Malik Washington,WashMa00,,0,,,1,0.125,0,60.9
2026_01_MIA_LV,202609130rai,2026,1,REG,MIA,LV,Greg Dulcich,DulcGr00,,0,,,0,0,0,104.2
2026_01_MIA_LV,202609130rai,2026,1,REG,MIA,LV,Chris Bell,BellCh00,,1,,,0,0,0,95.8
2026_01_MIA_LV,202609130rai,2026,1,REG,MIA,LV,Kevin Coleman,ColeKe03,,0,,,0,0,0,39.6
2026_01_MIA_LV,202609130rai,2026,1,REG,MIA,LV,Will Kacmarek,KacmWi00,,0,,,0,0,0,39.6
2026_01_GB_MIN,202609130min,2026,1,REG,MIN,GB,Justin Jefferson,JeffJu00,,0,,,0,0,0,148.8
2026_01_GB_MIN,202609130min,2026,1,REG,MIN,GB,T.J. Hockenson,HockTJ00,,0,,,0,0,0,136.2
2026_01_GB_MIN,202609130min,2026,1,REG,MIN,GB,Josh Oliver,OlivJo00,,0,,,0,0,0,66.7
2026_01_GB_MIN,202609130min,2026,1,REG,MIN,GB,DeeJay Dallas,DallDe00,,0,,,0,0,0,79.2
2026_01_GB_MIN,202609130min,2026,1,REG,MIN,GB,Jordan Addison,AddiJo00,,0,,,0,0,0,39.6
2026_01_GB_MIN,202609130min,2026,1,REG,MIN,GB,Jauan Jennings,JennJa00,,0,,,0,0,1,0
2026_01_GB_MIN,202609130min,2026,1,REG,MIN,GB,Aaron Jones,JoneAa00,,0,,,1,1,0,39.6
2026_01_GB_MIN,202609130min,2026,1,REG,GB,MIN,Matthew Golden,GoldMa02,,0,,,1,0.083,0,76.7
2026_01_GB_MIN,202609130min,2026,1,REG,GB,MIN,Christian Watson,WatsCh00,,0,,,0,0,1,116.7
2026_01_GB_MIN,202609130min,2026,1,REG,GB,MIN,Tucker Kraft,KrafTu00,,0,,,0,0,0,88.9
2026_01_GB_MIN,202609130min,2026,1,REG,GB,MIN,Jayden Reed,ReedJa03,,0,,,0,0,0,50.3
2026_01_GB_MIN,202609130min,2026,1,REG,GB,MIN,Jonnu Smith,SmitJo01,,0,,,0,0,0,109.7
2026_01_GB_MIN,202609130min,2026,1,REG,GB,MIN,Bo Melton,MeltBo00,,0,,,0,0,0,108.3
2026_01_GB_MIN,202609130min,2026,1,REG,GB,MIN,Chris Brooks,BrooCh00,,0,,,0,0,0,39.6
2026_01_GB_MIN,202609130min,2026,1,REG,GB,MIN,MarShawn Lloyd,LloyMa00,,0,,,0,0,0,39.6
2026_01_GB_MIN,202609130min,2026,1,REG,GB,MIN,Skyy Moore,MoorSk01,,0,,,0,0,0,39.6
2026_01_WAS_PHI,202609130phi,2026,1,REG,PHI,WAS,Dallas Goedert,GoedDa00,,0,,,0,0,0,158.3
2026_01_WAS_PHI,202609130phi,2026,1,REG,PHI,WAS,Makai Lemon,LemoMa00,,0,,,0,0,0,77.1
2026_01_WAS_PHI,202609130phi,2026,1,REG,PHI,WAS,DeVonta Smith,SmitDe07,,1,,,0,0,0,80.6
2026_01_WAS_PHI,202609130phi,2026,1,REG,PHI,WAS,Dontayvion Wicks,WickDo00,,0,,,0,0,0,135.4
2026_01_WAS_PHI,202609130phi,2026,1,REG,PHI,WAS,Saquon Barkley,BarkSa00,,0,,,1,0.5,0,56.2
2026_01_WAS_PHI,202609130phi,2026,1,REG,PHI,WAS,Will Shipley,ShipWi00,,0,,,0,0,0,100
2026_01_WAS_PHI,202609130phi,2026,1,REG,WAS,PHI,Stefon Diggs,DiggSt00,,0,,,3,0.333,0,101.6
2026_01_WAS_PHI,202609130phi,2026,1,REG,WAS,PHI,Antonio Williams,WillAn04,,0,,,0,0,0,158.3
2026_01_WAS_PHI,202609130phi,2026,1,REG,WAS,PHI,John Bates,BateJo00,,0,,,0,0,0,75.7
2026_01_WAS_PHI,202609130phi,2026,1,REG,WAS,PHI,Terry McLaurin,McLaTe00,,0,,,1,0.25,0,58.3
2026_01_WAS_PHI,202609130phi,2026,1,REG,WAS,PHI,Chig Okonkwo,OkonCh00,,0,,,0,0,0,79.9
2026_01_WAS_PHI,202609130phi,2026,1,REG,WAS,PHI,Rachaad White,WhitRa01,,0,,,0,0,0,79.2
2026_01_WAS_PHI,202609130phi,2026,1,REG,WAS,PHI,Jacory Croskey-Merritt,CrosJa00,,0,,,0,0,0,79.2
2026_01_WAS_PHI,202609130phi,2026,1,REG,WAS,PHI,Jaylin Lane,LaneJa00,,0,,,0,0,0,83.3
2026_01_WAS_PHI,202609130phi,2026,1,REG,WAS,PHI,Dyami Brown,BrowDy00,,0,,,0,0,0,39.6
2026_01_DAL_NYG,202609130nyg,2026,1,REG,NYG,DAL,Isaiah Likely,LikeIs00,,0,,,0,0,0,146.9
2026_01_DAL_NYG,202609130nyg,2026,1,REG,NYG,DAL,Malik Nabers,NabeMa00,,0,,,0,0,0,89.6
2026_01_DAL_NYG,202609130nyg,2026,1,REG,NYG,DAL,Devin Singletary,SingDe00,,0,,,0,0,0,129.2
2026_01_DAL_NYG,202609130nyg,2026,1,REG,NYG,DAL,Malachi Fields,FielMa00,,0,,,0,0,0,69.8
2026_01_DAL_NYG,202609130nyg,2026,1,REG,NYG,DAL,Darnell Mooney,MoonDa00,,0,,,0,0,0,118.7
2026_01_DAL_NYG,202609130nyg,2026,1,REG,NYG,DAL,Theo Johnson,JohnTh00,,0,,,0,0,0,104.2
2026_01_DAL_NYG,202609130nyg,2026,1,REG,NYG,DAL,Patrick Ricard,RicaPa00,,0,,,0,0,0,39.6
2026_01_DAL_NYG,202609130nyg,2026,1,REG,DAL,NYG,CeeDee Lamb,LambCe00,,0,,,0,0,0,116.7
2026_01_DAL_NYG,202609130nyg,2026,1,REG,DAL,NYG,Javonte Williams,WillJa10,,0,,,0,0,0,132.1
2026_01_DAL_NYG,202609130nyg,2026,1,REG,DAL,NYG,George Pickens,PickGe00,,0,,,2,0.333,0,63.2
2026_01_DAL_NYG,202609130nyg,2026,1,REG,DAL,NYG,Jake Ferguson,FergJa00,,0,,,0,0,0,79.2
2026_01_DAL_NYG,202609130nyg,2026,1,REG,DAL,NYG,Ryan Flournoy,FlouRy00,,1,,,0,0,0,66.7
2026_01_DAL_NYG,202609130nyg,2026,1,REG,DAL,NYG,Brevyn Spann-Ford,SpanBr00,,0,,,0,0,0,95.8
2026_01_DAL_NYG,202609130nyg,2026,1,REG,DAL,NYG,Jonathan Mingo,MingJo00,,0,,,0,0,0,108.3
2026_01_DAL_NYG,202609130nyg,2026,1,REG,DAL,NYG,Luke Schoonmaker,SchoLu00,,0,,,0,0,0,116.7
2026_01_DAL_NYG,202609130nyg,2026,1,REG,DAL,NYG,KaVontae Turpin,TurpKa00,,0,,,0,0,0,100
2026_01_DEN_KC,202609140kan,2026,1,REG,KC,DEN,Travis Kelce,KelcTr00,,1,,,0,0,0,104.2
2026_01_DEN_KC,202609140kan,2026,1,REG,KC,DEN,Kenneth Walker III,WalkKe00,,0,,,2,0.333,0,95.8
2026_01_DEN_KC,202609140kan,2026,1,REG,KC,DEN,Xavier Worthy,WortXa00,,0,,,0,0,1,16.7
2026_01_DEN_KC,202609140kan,2026,1,REG,KC,DEN,Emmett Johnson,JohnEm01,,3,,,0,0,0,118.7
2026_01_DEN_KC,202609140kan,2026,1,REG,KC,DEN,Rashee Rice,RiceRa01,,1,,,0,0,0,145.8
2026_01_DEN_KC,202609140kan,2026,1,REG,KC,DEN,Jake Briningstool,BrinJa00,,0,,,0,0,0,104.2
2026_01_DEN_KC,202609140kan,2026,1,REG,KC,DEN,Noah Gray,GrayNo00,,0,,,0,0,0,87.5
2026_01_DEN_KC,202609140kan,2026,1,REG,KC,DEN,Cyrus Allen,AlleCy00,,0,,,0,0,0,39.6
2026_01_DEN_KC,202609140kan,2026,1,REG,KC,DEN,Tyquan Thornton,ThorTy00,,0,,,0,0,0,39.6
2026_01_DEN_KC,202609140kan,2026,1,REG,DEN,KC,Pat Bryant,BryaPa00,,0,,,1,0.167,0,86.8
2026_01_DEN_KC,202609140kan,2026,1,REG,DEN,KC,Evan Engram,EngrEv00,,1,,,0,0,0,142.1
2026_01_DEN_KC,202609140kan,2026,1,REG,DEN,KC,RJ Harvey,HarvRJ00,,1,,,0,0,0,90.6
2026_01_DEN_KC,202609140kan,2026,1,REG,DEN,KC,Courtland Sutton,SuttCo00,,0,,,1,0.2,1,8.3
2026_01_DEN_KC,202609140kan,2026,1,REG,DEN,KC,Adam Trautman,TrauAd00,,0,,,0,0,0,71.5
2026_01_DEN_KC,202609140kan,2026,1,REG,DEN,KC,Jaylen Waddle,WaddJa00,,0,,,1,0.333,0,42.4
2026_01_DEN_KC,202609140kan,2026,1,REG,DEN,KC,Troy Franklin,FranTr00,,0,,,0,0,0,39.6
2026_02_DET_BUF,202609170buf,2026,2,REG,BUF,DET,Dalton Kincaid,KincDa00,,0,,,0,0,0,155.7
2026_02_DET_BUF,202609170buf,2026,2,REG,BUF,DET,Keon Coleman,ColeKe02,,0,,,0,0,0,110.4
2026_02_DET_BUF,202609170buf,2026,2,REG,BUF,DET,Khalil Shakir,ShakKh00,,0,,,1,0.167,0,70.1
2026_02_DET_BUF,202609170buf,2026,2,REG,BUF,DET,Dawson Knox,KnoxDa00,,0,,,0,0,0,118.7
2026_02_DET_BUF,202609170buf,2026,2,REG,BUF,DET,James Cook,CookJa01,,0,,,0,0,0,42.4
2026_02_DET_BUF,202609170buf,2026,2,REG,BUF,DET,Josh Palmer,PalmJo00,,0,,,1,0.333,0,121.5
2026_02_DET_BUF,202609170buf,2026,2,REG,DET,BUF,Amon-Ra St. Brown,StxxAm00,,1,,,0,0,0,144.9
2026_02_DET_BUF,202609170buf,2026,2,REG,DET,BUF,Jahmyr Gibbs,GibbJa01,,0,,,0,0,0,135.9
2026_02_DET_BUF,202609170buf,2026,2,REG,DET,BUF,Sam LaPorta,LaPoSa01,,1,,,0,0,0,137.2
2026_02_DET_BUF,202609170buf,2026,2,REG,DET,BUF,Isaac TeSlaa,TeSlIs00,,0,,,0,0,0,57.1
2026_02_DET_BUF,202609170buf,2026,2,REG,DET,BUF,Jameson Williams,WillJa11,,0,,,1,0.25,0,78.1
2026_02_DET_BUF,202609170buf,2026,2,REG,DET,BUF,Sione Vaki,VakiSi00,,1,,,0,0,0,118.7
2026_02_CAR_ATL,202609200atl,2026,2,REG,ATL,CAR,Drake London,LondDr00,,1,,,0,0,0,109.2
2026_02_CAR_ATL,202609200atl,2026,2,REG,ATL,CAR,Bijan Robinson,RobiBi01,,0,,,0,0,1,37.5
2026_02_CAR_ATL,202609200atl,2026,2,REG,ATL,CAR,Zachariah Branch,BranZa00,,0,,,0,0,0,95.8
2026_02_CAR_ATL,202609200atl,2026,2,REG,ATL,CAR,Brian Robinson Jr.,RobiBr01,,1,,,0,0,0,100
2026_02_CAR_ATL,202609200atl,2026,2,REG,ATL,CAR,Austin Hooper,HoopAu00,,0,,,0,0,0,64.6
2026_02_CAR_ATL,202609200atl,2026,2,REG,ATL,CAR,Jahan Dotson,DotsJa00,,0,,,0,0,1,16.7
2026_02_CAR_ATL,202609200atl,2026,2,REG,ATL,CAR,Kyle Pitts,PittKy00,,0,,,0,0,1,11.1
2026_02_CAR_ATL,202609200atl,2026,2,REG,ATL,CAR,Chris Blair,BlaiCh00,,0,,,1,0.333,0,42.4
2026_02_CAR_ATL,202609200atl,2026,2,REG,ATL,CAR,Olamide Zaccheaus,ZaccOl01,,0,,,0,0,0,42.4
2026_02_CAR_ATL,202609200atl,2026,2,REG,ATL,CAR,Charlie Woerner,WoerCh00,,0,,,0,0,0,39.6
2026_02_CAR_ATL,202609200atl,2026,2,REG,CAR,ATL,Jalen Coker,CokeJa01,,0,,,0,0,0,97.2
2026_02_CAR_ATL,202609200atl,2026,2,REG,CAR,ATL,Tetairoa McMillan,McMiTe00,,0,,,0,0,0,85.8
2026_02_CAR_ATL,202609200atl,2026,2,REG,CAR,ATL,Darren Waller,WallDa01,,0,,,0,0,0,152.1
2026_02_CAR_ATL,202609200atl,2026,2,REG,CAR,ATL,Chuba Hubbard,HubbCh01,,0,,,0,0,0,129.2
2026_02_CAR_ATL,202609200atl,2026,2,REG,CAR,ATL,Xavier Legette,LegeXa00,,0,,,0,0,0,95.8
2026_02_CAR_ATL,202609200atl,2026,2,REG,CAR,ATL,Jonathon Brooks,BrooJo02,,0,,,0,0,0,79.2
2026_02_CAR_ATL,202609200atl,2026,2,REG,CAR,ATL,Tommy Tremble,TremTo00,,0,,,1,0.5,0,56.2
2026_02_CAR_ATL,202609200atl,2026,2,REG,CAR,ATL,Mitchell Evans,EvanMi01,,0,,,0,0,0,118.7
2026_02_NO_BAL,202609200rav,2026,2,REG,BAL,NO,Rashod Bateman,BateRa00,,0,,,0,0,1,104.9
2026_02_NO_BAL,202609200rav,2026,2,REG,BAL,NO,Mark Andrews,AndrMa00,,0,,,1,0.143,0,95.8
2026_02_NO_BAL,202609200rav,2026,2,REG,BAL,NO,Derrick Henry,HenrDe00,,1,,,0,0,0,93.1
2026_02_NO_BAL,202609200rav,2026,2,REG,BAL,NO,Justice Hill,HillJu00,,0,,,0,0,0,91.7
2026_02_NO_BAL,202609200rav,2026,2,REG,BAL,NO,Chris Moore,MoorCh00,,0,,,0,0,0,42.4
2026_02_NO_BAL,202609200rav,2026,2,REG,BAL,NO,Devontez Walker,WalkDe01,,0,,,0,0,0,95.8
2026_02_NO_BAL,202609200rav,2026,2,REG,BAL,NO,LaJohntay Wester,WestLa01,,0,,,0,0,0,72.9
2026_02_NO_BAL,202609200rav,2026,2,REG,BAL,NO,Durham Smythe,SmytDu00,,0,,,0,0,0,39.6
2026_02_NO_BAL,202609200rav,2026,2,REG,NO,BAL,Chris Olave,OlavCh00,,0,,,0,0,0,135.8
2026_02_NO_BAL,202609200rav,2026,2,REG,NO,BAL,Alvin Kamara,KamaAl00,,0,,,1,0.167,0,79.2
2026_02_NO_BAL,202609200rav,2026,2,REG,NO,BAL,Devaughn Vele,VeleDe00,,0,,,0,0,0,99.7
2026_02_NO_BAL,202609200rav,2026,2,REG,NO,BAL,Juwan Johnson,JohnJu02,,3,,,0,0,0,118.7
2026_02_NO_BAL,202609200rav,2026,2,REG,NO,BAL,Travis Etienne,EtieTr00,,0,,,0,0,0,79.2
2026_02_NO_BAL,202609200rav,2026,2,REG,NO,BAL,Kevin Austin,AustKe00,,0,,,0,0,0,95.8
2026_02_NO_BAL,202609200rav,2026,2,REG,NO,BAL,Oscar Delp,DelpOs01,,0,,,0,0,0,100
2026_02_NO_BAL,202609200rav,2026,2,REG,NO,BAL,Bryce Lance,LancBr00,,0,,,0,0,0,100
2026_02_MIN_CHI,202609200chi,2026,2,REG,CHI,MIN,Kalif Raymond,RaymKa00,,1,,,0,0,0,100
2026_02_MIN_CHI,202609200chi,2026,2,REG,CHI,MIN,D'Andre Swift,SwifDA00,,1,,,0,0,0,111.7
2026_02_MIN_CHI,202609200chi,2026,2,REG,CHI,MIN,Luther Burden,BurdLu00,,0,,,1,0.143,1,17.3
2026_02_MIN_CHI,202609200chi,2026,2,REG,CHI,MIN,Rome Odunze,OdunRo00,,0,,,1,0.25,0,109.4
2026_02_MIN_CHI,202609200chi,2026,2,REG,CHI,MIN,Kyle Monangai,MonaKy00,,0,,,0,0,0,89.6
2026_02_MIN_CHI,202609200chi,2026,2,REG,CHI,MIN,Colston Loveland,LoveCo00,,0,,,1,0.333,0,42.4
2026_02_MIN_CHI,202609200chi,2026,2,REG,CHI,MIN,Sam Roush,RousSa00,,0,,,2,0.667,0,42.4
2026_02_MIN_CHI,202609200chi,2026,2,REG,CHI,MIN,Cole Kmet,KmetCo00,,0,,,0,0,0,39.6
2026_02_MIN_CHI,202609200chi,2026,2,REG,MIN,CHI,T.J. Hockenson,HockTJ00,,0,,,0,0,0,94.8
2026_02_MIN_CHI,202609200chi,2026,2,REG,MIN,CHI,Justin Jefferson,JeffJu00,,1,,,3,0.5,0,81.9
2026_02_MIN_CHI,202609200chi,2026,2,REG,MIN,CHI,Jordan Addison,AddiJo00,,0,,,0,0,0,52.9
2026_02_MIN_CHI,202609200chi,2026,2,REG,MIN,CHI,Demond Claiborne,ClaiDe00,,0,,,0,0,0,79.2
2026_02_MIN_CHI,202609200chi,2026,2,REG,MIN,CHI,DeeJay Dallas,DallDe00,,0,,,0,0,0,116.7
2026_02_MIN_CHI,202609200chi,2026,2,REG,MIN,CHI,Josh Oliver,OlivJo00,,0,,,0,0,0,118.7
2026_02_MIN_CHI,202609200chi,2026,2,REG,MIN,CHI,Myles Price,PricMy00,,0,,,1,1,0,39.6
2026_02_CIN_HOU,202609200htx,2026,2,REG,HOU,CIN,Dalton Schultz,SchuDa00,,0,,,0,0,0,108.3
2026_02_CIN_HOU,202609200htx,2026,2,REG,HOU,CIN,Woody Marks,MarkWo00,,0,,,0,0,0,85.4
2026_02_CIN_HOU,202609200htx,2026,2,REG,HOU,CIN,Kayshon Boutte,BoutKa00,,0,,,1,0.2,0,82.9
2026_02_CIN_HOU,202609200htx,2026,2,REG,HOU,CIN,Xavier Hutchinson,HutcXa00,,0,,,0,0,0,47
2026_02_CIN_HOU,202609200htx,2026,2,REG,HOU,CIN,David Montgomery,MontDa01,,0,,,0,0,0,95.8
2026_02_CIN_HOU,202609200htx,2026,2,REG,HOU,CIN,Foster Moreau,MoreFo00,,0,,,0,0,0,118.7
2026_02_CIN_HOU,202609200htx,2026,2,REG,HOU,CIN,Jared Wayne,WaynJa01,,1,,,0,0,0,46.7
2026_02_CIN_HOU,202609200htx,2026,2,REG,HOU,CIN,Jaylin Noel,NoelJa00,,0,,,0,0,0,52.9
2026_02_CIN_HOU,202609200htx,2026,2,REG,CIN,HOU,Ja'Marr Chase,ChasJa00,,0,,,1,0.111,0,141
2026_02_CIN_HOU,202609200htx,2026,2,REG,CIN,HOU,Tee Higgins,HiggTe00,,0,,,0,0,0,83.3
2026_02_CIN_HOU,202609200htx,2026,2,REG,CIN,HOU,Chase Brown,BrowCh10,,0,,,0,0,0,64.6
2026_02_CIN_HOU,202609200htx,2026,2,REG,CIN,HOU,Erick All,AllxEr00,,0,,,0,0,0,70.1
2026_02_CIN_HOU,202609200htx,2026,2,REG,CIN,HOU,Andrei Iosivas,IosiAn00,,0,,,0,0,0,95.8
2026_02_CIN_HOU,202609200htx,2026,2,REG,CIN,HOU,Samaje Perine,PeriSa00,,0,,,0,0,0,118.7
2026_02_CIN_HOU,202609200htx,2026,2,REG,CIN,HOU,Colbie Young,YounCo01,,0,,,0,0,0,95.8
2026_02_CIN_HOU,202609200htx,2026,2,REG,CIN,HOU,Dohnte Meyers,MeyeDo00,,0,,,1,1,0,39.6
2026_02_PIT_NE,202609200nwe,2026,2,REG,NE,PIT,Romeo Doubs,DoubRo00,,0,,,1,0.25,0,116.7
2026_02_PIT_NE,202609200nwe,2026,2,REG,NE,PIT,Hunter Henry,HenrHu00,,0,,,0,0,1,45.8
2026_02_PIT_NE,202609200nwe,2026,2,REG,NE,PIT,Mack Hollins,HollMa00,,0,,,0,0,0,104.2
2026_02_PIT_NE,202609200nwe,2026,2,REG,NE,PIT,Eli Raridon,RariEl00,,0,,,0,0,0,118.7
2026_02_PIT_NE,202609200nwe,2026,2,REG,NE,PIT,Rhamondre Stevenson,StevRh00,,1,,,1,0.5,0,56.2
2026_02_PIT_NE,202609200nwe,2026,2,REG,NE,PIT,Reggie Gilliam,GillRe00,,0,,,1,0.5,0,56.2
2026_02_PIT_NE,202609200nwe,2026,2,REG,NE,PIT,DeMario Douglas,DougDe00,,0,,,0,0,0,62.5
2026_02_PIT_NE,202609200nwe,2026,2,REG,NE,PIT,Kyle Williams,WillKy03,,0,,,0,0,0,64.6
2026_02_PIT_NE,202609200nwe,2026,2,REG,NE,PIT,Efton Chism,ChisEf00,,0,,,0,0,0,79.2
2026_02_PIT_NE,202609200nwe,2026,2,REG,PIT,NE,Roman Wilson,WilsRo02,,0,,,0,0,0,86.1
2026_02_PIT_NE,202609200nwe,2026,2,REG,PIT,NE,Pat Freiermuth,FreiPa00,,0,,,0,0,0,93.3
2026_02_PIT_NE,202609200nwe,2026,2,REG,PIT,NE,Germie Bernard,BernGe00,,1,,,1,0.125,1,22.4
2026_02_PIT_NE,202609200nwe,2026,2,REG,PIT,NE,D.K. Metcalf,MetcDK00,,0,,,1,0.111,0,51.6
2026_02_PIT_NE,202609200nwe,2026,2,REG,PIT,NE,Rico Dowdle,DowdRi01,,0,,,0,0,0,112.5
2026_02_PIT_NE,202609200nwe,2026,2,REG,PIT,NE,Jaylen Warren,WarrJa01,,0,,,0,0,0,79.2
2026_02_PIT_NE,202609200nwe,2026,2,REG,PIT,NE,Darnell Washington,WashDa03,,0,,,0,0,0,58.3
2026_02_PIT_NE,202609200nwe,2026,2,REG,PIT,NE,Ben Skowronek,SkowBe00,,0,,,0,0,0,79.2
2026_02_GB_NYJ,202609200nyj,2026,2,REG,NYJ,GB,Adonai Mitchell,MitcAd00,,0,,,2,0.167,0,65.6
2026_02_GB_NYJ,202609200nyj,2026,2,REG,NYJ,GB,Isaiah Williams,WillIs03,,0,,,0,0,0,90.3
2026_02_GB_NYJ,202609200nyj,2026,2,REG,NYJ,GB,Breece Hall,HallBr03,,0,,,0,0,0,118.7
2026_02_GB_NYJ,202609200nyj,2026,2,REG,NYJ,GB,Garrett Wilson,WilsGa00,,0,,,0,0,0,135.1
2026_02_GB_NYJ,202609200nyj,2026,2,REG,NYJ,GB,Jeremy Ruckert,RuckJe00,,0,,,0,0,0,79.2
2026_02_GB_NYJ,202609200nyj,2026,2,REG,NYJ,GB,Kenyon Sadiq,SadiKe00,,0,,,0,0,0,81.2
2026_02_GB_NYJ,202609200nyj,2026,2,REG,NYJ,GB,Braelon Allen,AlleBr05,,0,,,0,0,0,100
2026_02_GB_NYJ,202609200nyj,2026,2,REG,GB,NYJ,Matthew Golden,GoldMa02,,0,,,1,0.167,0,97.9
2026_02_GB_NYJ,202609200nyj,2026,2,REG,GB,NYJ,Christian Watson,WatsCh00,,0,,,2,0.182,0,78.2
2026_02_GB_NYJ,202609200nyj,2026,2,REG,GB,NYJ,Tucker Kraft,KrafTu00,,0,,,1,0.333,0,78.5
2026_02_GB_NYJ,202609200nyj,2026,2,REG,GB,NYJ,MarShawn Lloyd,LloyMa00,,0,,,0,0,0,118.7
2026_02_GB_NYJ,202609200nyj,2026,2,REG,GB,NYJ,Skyy Moore,MoorSk01,,0,,,0,0,0,70.1
2026_02_GB_NYJ,202609200nyj,2026,2,REG,GB,NYJ,Chris Brooks,BrooCh00,,0,,,1,0.5,0,75
2026_02_GB_NYJ,202609200nyj,2026,2,REG,GB,NYJ,Jayden Reed,ReedJa03,,0,,,0,0,0,83.3
2026_02_GB_NYJ,202609200nyj,2026,2,REG,GB,NYJ,Bo Melton,MeltBo00,,0,,,1,1,0,39.6
2026_02_CLE_TB,202609200tam,2026,2,REG,TB,CLE,Cade Otton,OttoCa00,,0,,,0,0,0,93.1
2026_02_CLE_TB,202609200tam,2026,2,REG,TB,CLE,Bucky Irving,IrviBu00,,0,,,0,0,0,79.2
2026_02_CLE_TB,202609200tam,2026,2,REG,TB,CLE,Emeka Egbuka,EgbuEm01,,0,,,0,0,0,105
2026_02_CLE_TB,202609200tam,2026,2,REG,TB,CLE,Kenneth Gainwell,GainKe00,,0,,,1,0.25,0,77.1
2026_02_CLE_TB,202609200tam,2026,2,REG,TB,CLE,Chris Godwin,GodwCh00,,0,,,0,0,0,118.7
2026_02_CLE_TB,202609200tam,2026,2,REG,TB,CLE,Ted Hurst,HursTe00,,0,,,1,0.143,1,3.6
2026_02_CLE_TB,202609200tam,2026,2,REG,TB,CLE,Tez Johnson,JohnTe03,,0,,,0,0,0,78.1
2026_02_CLE_TB,202609200tam,2026,2,REG,CLE,TB,KC Concepcion,ConcKC00,,0,,,0,0,0,86.1
2026_02_CLE_TB,202609200tam,2026,2,REG,CLE,TB,Denzel Boston,BostDe00,,0,,,1,0.143,0,153.3
2026_02_CLE_TB,202609200tam,2026,2,REG,CLE,TB,Harold Fannin,FannHa00,,1,,,1,0.167,0,104.2
2026_02_CLE_TB,202609200tam,2026,2,REG,CLE,TB,Quinshon Judkins,JudkQu00,,0,,,0,0,0,89.2
2026_02_CLE_TB,202609200tam,2026,2,REG,CLE,TB,Isaiah Bond,BondIs00,,0,,,0,0,0,108.3
2026_02_CLE_TB,202609200tam,2026,2,REG,CLE,TB,Raheim Sanders,SandRa00,,0,,,0,0,0,95.8
2026_02_CLE_TB,202609200tam,2026,2,REG,CLE,TB,Blake Whiteheart,WhitBl01,,0,,,0,0,0,118.7
2026_02_CLE_TB,202609200tam,2026,2,REG,CLE,TB,Jerry Jeudy,JeudJe00,,0,,,0,0,0,39.6
2026_02_CLE_TB,202609200tam,2026,2,REG,CLE,TB,Jaleel McLaughlin,McLaJa00,,0,,,0,0,0,39.6
2026_02_PHI_TEN,202609200oti,2026,2,REG,TEN,PHI,Carnell Tate,TateCa00,,0,,,0,0,0,74.6
2026_02_PHI_TEN,202609200oti,2026,2,REG,TEN,PHI,Gunnar Helm,HelmGu00,,0,,,0,0,0,93.7
2026_02_PHI_TEN,202609200oti,2026,2,REG,TEN,PHI,Elic Ayomanor,AyomEl00,,0,,,1,0.333,0,109.7
2026_02_PHI_TEN,202609200oti,2026,2,REG,TEN,PHI,Calvin Ridley,RidlCa00,,0,,,0,0,0,118.7
2026_02_PHI_TEN,202609200oti,2026,2,REG,TEN,PHI,Tyjae Spears,SpeaTy00,,0,,,0,0,0,118.7
2026_02_PHI_TEN,202609200oti,2026,2,REG,TEN,PHI,Tony Pollard,PollTo00,,0,,,0,0,0,79.2
2026_02_PHI_TEN,202609200oti,2026,2,REG,TEN,PHI,Wan'Dale Robinson,RobiWa01,,0,,,0,0,0,104.2
2026_02_PHI_TEN,202609200oti,2026,2,REG,TEN,PHI,Daniel Bellinger,BellDa00,,0,,,0,0,0,39.6
2026_02_PHI_TEN,202609200oti,2026,2,REG,PHI,TEN,DeVonta Smith,SmitDe07,,0,,,0,0,2,89.7
2026_02_PHI_TEN,202609200oti,2026,2,REG,PHI,TEN,Dontayvion Wicks,WickDo00,,0,,,1,0.167,0,118.1
2026_02_PHI_TEN,202609200oti,2026,2,REG,PHI,TEN,Johnny Mundt,MundJo00,,0,,,0,0,0,70.1
2026_02_PHI_TEN,202609200oti,2026,2,REG,PHI,TEN,Will Shipley,ShipWi00,,0,,,0,0,0,79.2
2026_02_PHI_TEN,202609200oti,2026,2,REG,PHI,TEN,Darius Cooper,CoopDa01,,0,,,0,0,0,133.3
2026_02_PHI_TEN,202609200oti,2026,2,REG,PHI,TEN,Tank Bigsby,BigsTa00,,0,,,0,0,0,79.2
2026_02_PHI_TEN,202609200oti,2026,2,REG,PHI,TEN,Dallas Goedert,GoedDa00,,0,,,0,0,0,56.2
2026_02_PHI_TEN,202609200oti,2026,2,REG,PHI,TEN,Makai Lemon,LemoMa00,,0,,,0,0,0,118.7
2026_02_PHI_TEN,202609200oti,2026,2,REG,PHI,TEN,Saquon Barkley,BarkSa00,,0,,,0,0,0,66.7
2026_02_JAX_DEN,202609200den,2026,2,REG,DEN,JAX,Jaylen Waddle,WaddJa00,,1,,,0,0,0,118.7
2026_02_JAX_DEN,202609200den,2026,2,REG,DEN,JAX,Jonah Coleman,ColeJo00,,0,,,0,0,0,93.1
2026_02_JAX_DEN,202609200den,2026,2,REG,DEN,JAX,Courtland Sutton,SuttCo00,,0,,,0,0,1,51
2026_02_JAX_DEN,202609200den,2026,2,REG,DEN,JAX,Nate Adkins,AdkiNa00,,0,,,0,0,0,150.7
2026_02_JAX_DEN,202609200den,2026,2,REG,DEN,JAX,Tyler Badie,BadiTy00,,0,,,0,0,0,96.5
2026_02_JAX_DEN,202609200den,2026,2,REG,DEN,JAX,Troy Franklin,FranTr00,,0,,,0,0,0,95.8
2026_02_JAX_DEN,202609200den,2026,2,REG,DEN,JAX,Evan Engram,EngrEv00,,0,,,0,0,0,118.7
2026_02_JAX_DEN,202609200den,2026,2,REG,DEN,JAX,Adam Prentice,PrenAd00,,0,,,0,0,0,79.2
2026_02_JAX_DEN,202609200den,2026,2,REG,DEN,JAX,Lil'Jordan Humphrey,HumpLi01,,0,,,0,0,0,39.6
2026_02_JAX_DEN,202609200den,2026,2,REG,DEN,JAX,Pat Bryant,BryaPa00,,0,,,0,0,0,39.6
2026_02_JAX_DEN,202609200den,2026,2,REG,JAX,DEN,Parker Washington,WashPa01,,1,,,0,0,1,50
2026_02_JAX_DEN,202609200den,2026,2,REG,JAX,DEN,Brian Thomas,ThomBr06,,0,,,1,0.125,0,54.2
2026_02_JAX_DEN,202609200den,2026,2,REG,JAX,DEN,Bhayshul Tuten,TuteBh00,,0,,,0,0,0,79.2
2026_02_JAX_DEN,202609200den,2026,2,REG,JAX,DEN,Brenton Strange,StraBr00,,0,,,0,0,0,102.1
2026_02_JAX_DEN,202609200den,2026,2,REG,JAX,DEN,Jakobi Meyers,MeyeJa01,,0,,,0,0,0,118.7
2026_02_JAX_DEN,202609200den,2026,2,REG,JAX,DEN,Quintin Morris,MorrQu00,,0,,,0,0,0,95.8
2026_02_JAX_DEN,202609200den,2026,2,REG,JAX,DEN,Ameer Abdullah,AbduAm00,,0,,,0,0,0,79.2
2026_02_JAX_DEN,202609200den,2026,2,REG,JAX,DEN,LeQuint Allen,AlleLe01,,0,,,0,0,0,39.6
2026_02_LV_LAC,202609200sdg,2026,2,REG,LAC,LV,Ladd McConkey,McCoLa00,,0,,,0,0,0,115.3
2026_02_LV_LAC,202609200sdg,2026,2,REG,LAC,LV,Charlie Kolar,KolaCh00,,0,,,0,0,0,95.8
2026_02_LV_LAC,202609200sdg,2026,2,REG,LAC,LV,Omarion Hampton,HampOm00,,0,,,0,0,0,110.4
2026_02_LV_LAC,202609200sdg,2026,2,REG,LAC,LV,Oronde Gadsden II,GadsOr01,,0,,,0,0,0,143.7
2026_02_LV_LAC,202609200sdg,2026,2,REG,LAC,LV,Keaton Mitchell,MitcKe01,,0,,,0,0,0,118.7
2026_02_LV_LAC,202609200sdg,2026,2,REG,LAC,LV,David Njoku,NjokDa00,,0,,,1,0.333,1,2.8
2026_02_LV_LAC,202609200sdg,2026,2,REG,LAC,LV,Brenen Thompson,ThomBr07,,0,,,1,0.333,0,47.9
2026_02_LV_LAC,202609200sdg,2026,2,REG,LAC,LV,Quentin Johnston,JohnQu02,,0,,,1,0.2,0,39.6
2026_02_LV_LAC,202609200sdg,2026,2,REG,LAC,LV,Tre Harris,HarrTr03,,0,,,0,0,0,81.9
2026_02_LV_LAC,202609200sdg,2026,2,REG,LAC,LV,Derius Davis,DaviDe02,,0,,,0,0,1,0
2026_02_LV_LAC,202609200sdg,2026,2,REG,LV,LAC,Tre Tucker,TuckTr00,,0,,,0,0,1,113.7
2026_02_LV_LAC,202609200sdg,2026,2,REG,LV,LAC,Ashton Jeanty,JeanAs00,,0,,,3,0.429,0,62.2
2026_02_LV_LAC,202609200sdg,2026,2,REG,LV,LAC,Michael Mayer,MayeMi00,,0,,,0,0,0,88.5
2026_02_LV_LAC,202609200sdg,2026,2,REG,LV,LAC,Jack Bech,BechJa00,,0,,,0,0,0,118.7
2026_02_LV_LAC,202609200sdg,2026,2,REG,LV,LAC,Cody White,WhitCo05,,0,,,0,0,0,156.2
2026_02_LV_LAC,202609200sdg,2026,2,REG,LV,LAC,Dareke Young,YounDa02,,0,,,0,0,0,118.7
2026_02_LV_LAC,202609200sdg,2026,2,REG,LV,LAC,Ian Thomas,ThomIa00,,1,,,0,0,0,112.5
2026_02_LV_LAC,202609200sdg,2026,2,REG,LV,LAC,Jalen Nailor,NailJa00,,0,,,0,0,0,42.4
2026_02_LV_LAC,202609200sdg,2026,2,REG,LV,LAC,Malik Benson,BensMa00,,0,,,0,0,0,39.6
2026_02_LV_LAC,202609200sdg,2026,2,REG,LV,LAC,Mike Washington Jr.,WashMi00,,0,,,0,0,0,39.6
2026_02_SEA_ARI,202609200crd,2026,2,REG,ARI,SEA,Trey McBride,McBrTr01,,0,,,0,0,0,117.1
2026_02_SEA_ARI,202609200crd,2026,2,REG,ARI,SEA,Jeremiyah Love,LoveJe00,,0,,,0,0,0,88.9
2026_02_SEA_ARI,202609200crd,2026,2,REG,ARI,SEA,Tyler Allgeier,AllgTy00,,0,,,0,0,0,85.4
2026_02_SEA_ARI,202609200crd,2026,2,REG,ARI,SEA,Kendrick Bourne,BourKe00,,0,,,1,0.333,0,72.9
2026_02_SEA_ARI,202609200crd,2026,2,REG,ARI,SEA,Michael Wilson,WilsMi02,,0,,,0,0,1,0
2026_02_SEA_ARI,202609200crd,2026,2,REG,ARI,SEA,Marvin Harrison Jr.,HarrMa09,,0,,,0,0,0,39.6
2026_02_SEA_ARI,202609200crd,2026,2,REG,SEA,ARI,Jaxon Smith-Njigba,SmitJa06,,0,,,1,0.091,0,158.3
2026_02_SEA_ARI,202609200crd,2026,2,REG,SEA,ARI,Rashid Shaheed,ShahRa00,,0,,,1,0.167,0,68.1
2026_02_SEA_ARI,202609200crd,2026,2,REG,SEA,ARI,Cooper Kupp,KuppCo00,,0,,,0,0,0,108.3
2026_02_SEA_ARI,202609200crd,2026,2,REG,SEA,ARI,Elijah Arroyo,ArroEl00,,0,,,0,0,0,118.7
2026_02_SEA_ARI,202609200crd,2026,2,REG,SEA,ARI,AJ Barner,BarnAJ00,,0,,,0,0,0,100
2026_02_SEA_ARI,202609200crd,2026,2,REG,SEA,ARI,George Holani,HolaGe00,,0,,,0,0,0,79.2
2026_02_SEA_ARI,202609200crd,2026,2,REG,SEA,ARI,Jadarian Price,PricJa02,,0,,,0,0,0,60.4
2026_02_SEA_ARI,202609200crd,2026,2,REG,SEA,ARI,Eric Saubert,SaubEr00,,0,,,0,0,0,79.2
2026_02_SEA_ARI,202609200crd,2026,2,REG,SEA,ARI,Emanuel Wilson,WilsEm00,,0,,,0,0,0,39.6
2026_02_WAS_DAL,202609200dal,2026,2,REG,DAL,WAS,CeeDee Lamb,LambCe00,,0,,,0,0,0,158.3
2026_02_WAS_DAL,202609200dal,2026,2,REG,DAL,WAS,George Pickens,PickGe00,,0,,,0,0,0,85.4
2026_02_WAS_DAL,202609200dal,2026,2,REG,DAL,WAS,Ryan Flournoy,FlouRy00,,0,,,0,0,0,82.6
2026_02_WAS_DAL,202609200dal,2026,2,REG,DAL,WAS,Jake Ferguson,FergJa00,,0,,,0,0,0,151
2026_02_WAS_DAL,202609200dal,2026,2,REG,DAL,WAS,Javonte Williams,WillJa10,,0,,,0,0,0,85.4
2026_02_WAS_DAL,202609200dal,2026,2,REG,WAS,DAL,Rachaad White,WhitRa01,,1,,,0,0,0,94.4
2026_02_WAS_DAL,202609200dal,2026,2,REG,WAS,DAL,Stefon Diggs,DiggSt00,,0,,,0,0,0,138.9
2026_02_WAS_DAL,202609200dal,2026,2,REG,WAS,DAL,Dyami Brown,BrowDy00,,0,,,1,0.167,0,72.2
2026_02_WAS_DAL,202609200dal,2026,2,REG,WAS,DAL,Antonio Williams,WillAn04,,0,,,0,0,0,100
2026_02_WAS_DAL,202609200dal,2026,2,REG,WAS,DAL,Terry McLaurin,McLaTe00,,0,,,1,0.111,0,50.2
2026_02_WAS_DAL,202609200dal,2026,2,REG,WAS,DAL,Jacory Croskey-Merritt,CrosJa00,,0,,,0,0,0,87.5
2026_02_WAS_DAL,202609200dal,2026,2,REG,WAS,DAL,Ben Sinnott,SinnBe00,,0,,,0,0,0,91.7
2026_02_WAS_DAL,202609200dal,2026,2,REG,WAS,DAL,Colson Yankoff,YankCo00,,0,,,0,0,0,118.7
2026_02_WAS_DAL,202609200dal,2026,2,REG,WAS,DAL,Treylon Burks,BurkTr00,,0,,,0,0,0,39.6
2026_02_MIA_SF,202609200sfo,2026,2,REG,SF,MIA,George Kittle,KittGe00,,1,,,0,0,0,158.3
2026_02_MIA_SF,202609200sfo,2026,2,REG,SF,MIA,Christian McCaffrey,McCaCh01,,0,,,0,0,0,111.5
2026_02_MIA_SF,202609200sfo,2026,2,REG,SF,MIA,Mike Evans,EvanMi00,,0,,,0,0,0,118.7
2026_02_MIA_SF,202609200sfo,2026,2,REG,SF,MIA,Demarcus Robinson,RobiDe01,,0,,,0,0,0,113.9
2026_02_MIA_SF,202609200sfo,2026,2,REG,SF,MIA,Deebo Samuel,SamuDe00,,0,,,1,0.25,0,96.9
2026_02_MIA_SF,202609200sfo,2026,2,REG,SF,MIA,Kyle Juszczyk,JuszKy00,,0,,,0,0,0,158.3
2026_02_MIA_SF,202609200sfo,2026,2,REG,SF,MIA,KhaDarel Hodge,HodgKh00,,0,,,0,0,0,118.7
2026_02_MIA_SF,202609200sfo,2026,2,REG,MIA,SF,Malik Washington,WashMa00,,1,,,0,0,0,102.5
2026_02_MIA_SF,202609200sfo,2026,2,REG,MIA,SF,De'Von Achane,AchaDe00,,0,,,1,0.167,0,56.9
2026_02_MIA_SF,202609200sfo,2026,2,REG,MIA,SF,Caleb Douglas,DougCa00,,0,,,1,0.333,0,84
2026_02_MIA_SF,202609200sfo,2026,2,REG,MIA,SF,Greg Dulcich,DulcGr00,,0,,,0,0,0,81.2
2026_02_MIA_SF,202609200sfo,2026,2,REG,MIA,SF,DJ Herman,HermDJ00,,0,,,0,0,0,54.9
2026_02_MIA_SF,202609200sfo,2026,2,REG,MIA,SF,Will Kacmarek,KacmWi00,,0,,,0,0,0,83.3
2026_02_MIA_SF,202609200sfo,2026,2,REG,MIA,SF,Ryan Miller,MillRy01,,0,,,0,0,0,158.3
2026_02_MIA_SF,202609200sfo,2026,2,REG,MIA,SF,Chris Bell,BellCh00,,0,,,0,0,0,39.6
2026_02_IND_KC,202609200kan,2026,2,REG,KC,IND,Travis Kelce,KelcTr00,,0,,,2,0.182,0,135.2
2026_02_IND_KC,202609200kan,2026,2,REG,KC,IND,Kenneth Walker III,WalkKe00,,1,,,0,0,0,77.5
2026_02_IND_KC,202609200kan,2026,2,REG,KC,IND,Xavier Worthy,WortXa00,,0,,,1,0.143,0,116.1
2026_02_IND_KC,202609200kan,2026,2,REG,KC,IND,Rashee Rice,RiceRa01,,1,,,0,0,0,109.7
2026_02_IND_KC,202609200kan,2026,2,REG,KC,IND,Tyquan Thornton,ThorTy00,,0,,,0,0,0,118.7
2026_02_IND_KC,202609200kan,2026,2,REG,KC,IND,Emmett Johnson,JohnEm01,,0,,,0,0,0,108.3
2026_02_IND_KC,202609200kan,2026,2,REG,KC,IND,Jalen Royals,RoyaJa00,,0,,,0,0,0,118.7
2026_02_IND_KC,202609200kan,2026,2,REG,KC,IND,Noah Gray,GrayNo00,,0,,,0,0,0,39.6
2026_02_IND_KC,202609200kan,2026,2,REG,IND,KC,Josh Downs,DownJo00,,0,,,0,0,0,100
2026_02_IND_KC,202609200kan,2026,2,REG,IND,KC,Tyler Warren,WarrTy00,,0,,,1,0.143,0,118.7
2026_02_IND_KC,202609200kan,2026,2,REG,IND,KC,Jonathan Taylor,TaylJo02,,0,,,0,0,0,108.3
2026_02_IND_KC,202609200kan,2026,2,REG,IND,KC,Laquon Treadwell,TreaLa00,,0,,,0,0,0,118.7
2026_02_IND_KC,202609200kan,2026,2,REG,IND,KC,Keenan Allen,AlleKe00,,0,,,0,0,1,0
2026_02_IND_KC,202609200kan,2026,2,REG,IND,KC,Alec Pierce,PierAl00,,0,,,0,0,0,112.5
2026_02_IND_KC,202609200kan,2026,2,REG,IND,KC,Andrew Ogletree,OgleAn00,,0,,,0,0,0,39.6
2026_02_NYG_LA,202609210ram,2026,2,REG,LA,NYG,Davante Adams,AdamDa01,,0,,,0,0,1,118.7
2026_02_NYG_LA,202609210ram,2026,2,REG,LA,NYG,Terrance Ferguson,FergTe00,,0,,,2,0.222,0,119.7
2026_02_NYG_LA,202609210ram,2026,2,REG,LA,NYG,Colby Parkinson,ParkCo02,,0,,,0,0,0,97.9
2026_02_NYG_LA,202609210ram,2026,2,REG,LA,NYG,Kyren Williams,WillKy02,,0,,,0,0,0,131.2
2026_02_NYG_LA,202609210ram,2026,2,REG,LA,NYG,Davis Allen,AlleDa02,,0,,,0,0,0,95.8
2026_02_NYG_LA,202609210ram,2026,2,REG,LA,NYG,Tutu Atwell,AtweTu00,,0,,,0,0,0,83.3
2026_02_NYG_LA,202609210ram,2026,2,REG,LA,NYG,Blake Corum,CoruBl00,,0,,,0,0,0,118.7
2026_02_NYG_LA,202609210ram,2026,2,REG,LA,NYG,Konata Mumpfield,MumpKo00,,0,,,1,0.5,0,68.7
2026_02_NYG_LA,202609210ram,2026,2,REG,LA,NYG,Xavier Smith,SmitXa00,,0,,,1,1,0,39.6
2026_02_NYG_LA,202609210ram,2026,2,REG,NYG,LA,Isaiah Likely,LikeIs00,,0,,,0,0,0,57.5
2026_02_NYG_LA,202609210ram,2026,2,REG,NYG,LA,Cam Skattebo,SkatCa00,,1,,,0,0,0,86.5
2026_02_NYG_LA,202609210ram,2026,2,REG,NYG,LA,Malachi Fields,FielMa00,,0,,,1,0.167,0,50.7
2026_02_NYG_LA,202609210ram,2026,2,REG,NYG,LA,Darnell Mooney,MoonDa00,,0,,,0,0,0,109.7
2026_02_NYG_LA,202609210ram,2026,2,REG,NYG,LA,Malik Nabers,NabeMa00,,0,,,0,0,1,0
2026_02_NYG_LA,202609210ram,2026,2,REG,NYG,LA,Theo Johnson,JohnTh00,,0,,,0,0,0,39.6
2026_02_NYG_LA,202609210ram,2026,2,REG,NYG,LA,Devin Singletary,SingDe00,,0,,,0,0,0,39.6
2026_03_ATL_GB,202609240gnb,2026,3,REG,GB,ATL,Christian Watson,WatsCh00,,0,,,0,0,0,133.7
2026_03_ATL_GB,202609240gnb,2026,3,REG,GB,ATL,Matthew Golden,GoldMa02,,0,,,1,0.083,0,99.3
2026_03_ATL_GB,202609240gnb,2026,3,REG,GB,ATL,Tucker Kraft,KrafTu00,,0,,,3,0.375,0,57.3
2026_03_ATL_GB,202609240gnb,2026,3,REG,GB,ATL,J. Michael Sturdivant,MichJ00,,0,,,0,0,0,97.2
2026_03_ATL_GB,202609240gnb,2026,3,REG,GB,ATL,Skyy Moore,MoorSk01,,1,,,0,0,0,56.2
2026_03_ATL_GB,202609240gnb,2026,3,REG,GB,ATL,MarShawn Lloyd,LloyMa00,,0,,,0,0,0,70.1
2026_03_ATL_GB,202609240gnb,2026,3,REG,GB,ATL,Jonnu Smith,SmitJo01,,0,,,0,0,1,40.3
2026_03_ATL_GB,202609240gnb,2026,3,REG,GB,ATL,Kaleb Johnson,JohnKa03,,1,,,0,0,0,43.7
2026_03_ATL_GB,202609240gnb,2026,3,REG,GB,ATL,Chris Brooks,BrooCh00,,0,,,0,0,0,83.3
2026_03_ATL_GB,202609240gnb,2026,3,REG,GB,ATL,Bo Melton,MeltBo00,,0,,,0,0,0,39.6
2026_03_ATL_GB,202609240gnb,2026,3,REG,ATL,GB,Drake London,LondDr00,,0,,,0,0,0,118.7
2026_03_ATL_GB,202609240gnb,2026,3,REG,ATL,GB,Olamide Zaccheaus,ZaccOl01,,0,,,0,0,0,85.4
2026_03_ATL_GB,202609240gnb,2026,3,REG,ATL,GB,Bijan Robinson,RobiBi01,,0,,,0,0,0,106.2
2026_03_ATL_GB,202609240gnb,2026,3,REG,ATL,GB,Austin Hooper,HoopAu00,,0,,,0,0,0,129.2
2026_03_ATL_GB,202609240gnb,2026,3,REG,ATL,GB,Jahan Dotson,DotsJa00,,0,,,1,0.333,1,5.6
2026_03_ATL_GB,202609240gnb,2026,3,REG,ATL,GB,Kyle Pitts,PittKy00,,0,,,0,0,0,56.2
2026_03_ATL_GB,202609240gnb,2026,3,REG,ATL,GB,Zachariah Branch,BranZa00,,0,,,0,0,0,58.3
