game_id,pfr_game_id,season,week,game_type,team,opponent,pfr_player_name,pfr_player_id,carries,rushing_yards_before_contact,rushing_yards_before_contact_avg,rushing_yards_after_contact,rushing_yards_after_contact_avg,rushing_broken_tackles,receiving_broken_tackles
2026_01_NE_SEA,202609090sea,2026,1,REG,SEA,NE,Jadarian Price,PricJa02,10,35,3.5,17,1.7,0,
2026_01_NE_SEA,202609090sea,2026,1,REG,SEA,NE,George Holani,HolaGe00,8,15,1.9,14,1.8,0,
2026_01_NE_SEA,202609090sea,2026,1,REG,SEA,NE,Drew Lock,LockDr00,2,12,6,1,0.5,0,
2026_01_NE_SEA,202609090sea,2026,1,REG,SEA,NE,Emanuel Wilson,WilsEm00,2,3,1.5,0,0,0,
2026_01_NE_SEA,202609090sea,2026,1,REG,NE,SEA,Rhamondre Stevenson,StevRh00,18,17,0.9,34,1.9,0,
2026_01_NE_SEA,202609090sea,2026,1,REG,NE,SEA,Drake Maye,MayeDr00,7,37,5.3,10,1.4,0,
2026_01_NE_SEA,202609090sea,2026,1,REG,NE,SEA,Corey Kiner,KineCo00,6,5,0.8,6,1,0,
2026_01_SF_LA,202609100ram,2026,1,REG,LA,SF,Kyren Williams,WillKy02,11,26,2.4,15,1.4,0,
2026_01_SF_LA,202609100ram,2026,1,REG,LA,SF,Blake Corum,CoruBl00,10,42,4.2,12,1.2,0,
2026_01_SF_LA,202609100ram,2026,1,REG,LA,SF,Ronnie Rivers,RiveRo01,5,8,1.6,11,2.2,0,
2026_01_SF_LA,202609100ram,2026,1,REG,LA,SF,Matthew Stafford,StafMa00,2,-1,-0.5,0,0,0,
2026_01_SF_LA,202609100ram,2026,1,REG,LA,SF,Stetson Bennett,BennSt00,1,9,9,0,0,0,
2026_01_SF_LA,202609100ram,2026,1,REG,SF,LA,Kaelon Black,BlacKa00,14,48,3.4,17,1.2,0,
2026_01_SF_LA,202609100ram,2026,1,REG,SF,LA,Christian McCaffrey,McCaCh01,10,46,4.6,22,2.2,2,
2026_01_SF_LA,202609100ram,2026,1,REG,SF,LA,Brock Purdy,PurdBr00,5,27,5.4,2,0.4,0,
2026_01_SF_LA,202609100ram,2026,1,REG,SF,LA,Deebo Samuel,SamuDe00,1,9,9,3,3,0,
2026_01_CHI_CAR,202609130car,2026,1,REG,CAR,CHI,Chuba Hubbard,HubbCh01,10,35,3.5,14,1.4,1,
2026_01_CHI_CAR,202609130car,2026,1,REG,CAR,CHI,AJ Dillon,DillAJ00,5,13,2.6,15,3,1,
2026_01_CHI_CAR,202609130car,2026,1,REG,CAR,CHI,Jonathon Brooks,BrooJo02,4,8,2,6,1.5,0,
2026_01_CHI_CAR,202609130car,2026,1,REG,CAR,CHI,Bryce Young,YounBr01,2,10,5,0,0,0,
2026_01_CHI_CAR,202609130car,2026,1,REG,CAR,CHI,Kenny Pickett,PickKe00,1,24,24,0,0,0,
2026_01_CHI_CAR,202609130car,2026,1,REG,CHI,CAR,D'Andre Swift,SwifDA00,18,52,2.9,72,4,2,
2026_01_CHI_CAR,202609130car,2026,1,REG,CHI,CAR,Kyle Monangai,MonaKy00,10,30,3,70,7,0,
2026_01_CHI_CAR,202609130car,2026,1,REG,CHI,CAR,Caleb Williams,WillCa03,10,64,6.4,1,0.1,0,
2026_01_CHI_CAR,202609130car,2026,1,REG,CHI,CAR,Luther Burden,BurdLu00,1,2,2,0,0,0,
2026_01_TB_CIN,202609130cin,2026,1,REG,CIN,TB,Chase Brown,BrowCh10,16,40,2.5,16,1,1,
2026_01_TB_CIN,202609130cin,2026,1,REG,CIN,TB,Joe Burrow,BurrJo01,5,20,4,0,0,0,
2026_01_TB_CIN,202609130cin,2026,1,REG,CIN,TB,Samaje Perine,PeriSa00,5,12,2.4,8,1.6,0,
2026_01_TB_CIN,202609130cin,2026,1,REG,CIN,TB,Dohnte Meyers,MeyeDo00,1,0,0,10,10,0,
2026_01_TB_CIN,202609130cin,2026,1,REG,TB,CIN,Bucky Irving,IrviBu00,8,24,3,21,2.6,1,
2026_01_TB_CIN,202609130cin,2026,1,REG,TB,CIN,Kenneth Gainwell,GainKe00,5,10,2,5,1,0,
2026_01_TB_CIN,202609130cin,2026,1,REG,TB,CIN,Baker Mayfield,MayfBa00,5,26,5.2,4,0.8,0,
2026_01_TB_CIN,202609130cin,2026,1,REG,TB,CIN,Chris Godwin,GodwCh00,1,1,1,2,2,0,
2026_01_TB_CIN,202609130cin,2026,1,REG,TB,CIN,Tez Johnson,JohnTe03,1,-4,-4,0,0,0,
2026_01_NO_DET,202609130det,2026,1,REG,DET,NO,Jahmyr Gibbs,GibbJa01,29,112,3.9,44,1.5,0,
2026_01_NO_DET,202609130det,2026,1,REG,DET,NO,Jared Goff,GoffJa00,2,2,1,0,0,0,
2026_01_NO_DET,202609130det,2026,1,REG,DET,NO,Sione Vaki,VakiSi00,2,7,3.5,0,0,0,
2026_01_NO_DET,202609130det,2026,1,REG,NO,DET,Travis Etienne,EtieTr00,9,31,3.4,15,1.7,0,
2026_01_NO_DET,202609130det,2026,1,REG,NO,DET,Kendre Miller,MillKe01,9,19,2.1,11,1.2,0,
2026_01_NO_DET,202609130det,2026,1,REG,NO,DET,Tyler Shough,ShouTy00,4,7,1.8,1,0.3,0,
2026_01_NO_DET,202609130det,2026,1,REG,NO,DET,CJ Donaldson,DonaCJ00,2,1,0.5,3,1.5,0,
2026_01_NO_DET,202609130det,2026,1,REG,NO,DET,Barion Brown,BrowBa02,1,3,3,0,0,0,
2026_01_BUF_HOU,202609130htx,2026,1,REG,HOU,BUF,David Montgomery,MontDa01,20,39,2,21,1.1,1,
2026_01_BUF_HOU,202609130htx,2026,1,REG,HOU,BUF,Woody Marks,MarkWo00,9,24,2.7,18,2,1,
2026_01_BUF_HOU,202609130htx,2026,1,REG,HOU,BUF,C.J. Stroud,StroCJ00,2,13,6.5,2,1,0,
2026_01_BUF_HOU,202609130htx,2026,1,REG,HOU,BUF,Nico Collins,CollNi00,1,7,7,0,0,0,
2026_01_BUF_HOU,202609130htx,2026,1,REG,BUF,HOU,James Cook,CookJa01,13,44,3.4,13,1,1,
2026_01_BUF_HOU,202609130htx,2026,1,REG,BUF,HOU,Josh Allen,AlleJo02,6,18,3,5,0.8,0,
2026_01_BUF_HOU,202609130htx,2026,1,REG,BUF,HOU,Ray Davis,DaviRa04,1,2,2,1,1,0,
2026_01_BUF_HOU,202609130htx,2026,1,REG,BUF,HOU,Frank Gore Jr.,GoreFr01,1,3,3,0,0,0,
2026_01_BAL_IND,202609130clt,2026,1,REG,IND,BAL,Jonathan Taylor,TaylJo02,19,54,2.8,44,2.3,1,
2026_01_BAL_IND,202609130clt,2026,1,REG,IND,BAL,Daniel Jones,JoneDa05,1,3,3,1,1,0,
2026_01_BAL_IND,202609130clt,2026,1,REG,BAL,IND,Derrick Henry,HenrDe00,24,49,2,95,4,0,
2026_01_BAL_IND,202609130clt,2026,1,REG,BAL,IND,Lamar Jackson,JackLa00,7,23,3.3,17,2.4,0,
2026_01_BAL_IND,202609130clt,2026,1,REG,BAL,IND,Justice Hill,HillJu00,6,14,2.3,4,0.7,0,
2026_01_CLE_JAX,202609130jax,2026,1,REG,JAX,CLE,Bhayshul Tuten,TuteBh00,15,16,1.1,50,3.3,1,
2026_01_CLE_JAX,202609130jax,2026,1,REG,JAX,CLE,Chris Rodriguez,RodrCh00,6,9,1.5,14,2.3,1,
2026_01_CLE_JAX,202609130jax,2026,1,REG,JAX,CLE,Ameer Abdullah,AbduAm00,4,13,3.3,19,4.8,0,
2026_01_CLE_JAX,202609130jax,2026,1,REG,JAX,CLE,Nick Mullens,MullNi00,3,-3,-1,0,0,0,
2026_01_CLE_JAX,202609130jax,2026,1,REG,JAX,CLE,Trevor Lawrence,LawrTr00,2,3,1.5,0,0,0,
2026_01_CLE_JAX,202609130jax,2026,1,REG,JAX,CLE,Travis Hunter,HuntTr00,1,2,2,1,1,0,
2026_01_CLE_JAX,202609130jax,2026,1,REG,JAX,CLE,Jakobi Meyers,MeyeJa01,1,2,2,0,0,0,
2026_01_CLE_JAX,202609130jax,2026,1,REG,CLE,JAX,Quinshon Judkins,JudkQu00,12,23,1.9,10,0.8,0,
2026_01_CLE_JAX,202609130jax,2026,1,REG,CLE,JAX,Deshaun Watson,WatsDe00,6,26,4.3,12,2,0,
2026_01_CLE_JAX,202609130jax,2026,1,REG,CLE,JAX,KC Concepcion,ConcKC00,3,11,3.7,4,1.3,0,
2026_01_CLE_JAX,202609130jax,2026,1,REG,CLE,JAX,Raheim Sanders,SandRa00,1,1,1,0,0,0,
2026_01_ATL_PIT,202609130pit,2026,1,REG,PIT,ATL,Jaylen Warren,WarrJa01,10,12,1.2,34,3.4,3,
2026_01_ATL_PIT,202609130pit,2026,1,REG,PIT,ATL,Rico Dowdle,DowdRi01,8,11,1.4,4,0.5,0,
2026_01_ATL_PIT,202609130pit,2026,1,REG,PIT,ATL,Aaron Rodgers,RodgAa00,3,-3,-1,0,0,0,
2026_01_ATL_PIT,202609130pit,2026,1,REG,ATL,PIT,Bijan Robinson,RobiBi01,21,33,1.6,50,2.4,5,
2026_01_ATL_PIT,202609130pit,2026,1,REG,ATL,PIT,Brian Robinson Jr.,RobiBr01,9,11,1.2,20,2.2,1,
2026_01_ATL_PIT,202609130pit,2026,1,REG,ATL,PIT,Drake London,LondDr00,1,2,2,4,4,0,
2026_01_NYJ_TEN,202609130oti,2026,1,REG,TEN,NYJ,Tony Pollard,PollTo00,7,26,3.7,9,1.3,1,
2026_01_NYJ_TEN,202609130oti,2026,1,REG,TEN,NYJ,Cam Ward,WardCa00,4,15,3.8,6,1.5,1,
2026_01_NYJ_TEN,202609130oti,2026,1,REG,TEN,NYJ,Tyjae Spears,SpeaTy00,3,7,2.3,5,1.7,0,
2026_01_NYJ_TEN,202609130oti,2026,1,REG,NYJ,TEN,Breece Hall,HallBr03,22,58,2.6,44,2,5,
2026_01_NYJ_TEN,202609130oti,2026,1,REG,NYJ,TEN,Braelon Allen,AlleBr05,10,14,1.4,26,2.6,4,
2026_01_NYJ_TEN,202609130oti,2026,1,REG,NYJ,TEN,Geno Smith,SmitGe00,6,6,1,1,0.2,0,
2026_01_NYJ_TEN,202609130oti,2026,1,REG,NYJ,TEN,Kenyon Sadiq,SadiKe00,1,3,3,0,0,0,
2026_01_ARI_LAC,202609130sdg,2026,1,REG,LAC,ARI,Omarion Hampton,HampOm00,12,18,1.5,25,2.1,6,
2026_01_ARI_LAC,202609130sdg,2026,1,REG,LAC,ARI,Justin Herbert,HerbJu00,5,27,5.4,2,0.4,0,
2026_01_ARI_LAC,202609130sdg,2026,1,REG,LAC,ARI,Keaton Mitchell,MitcKe01,4,1,0.3,8,2,0,
2026_01_ARI_LAC,202609130sdg,2026,1,REG,ARI,LAC,Tyler Allgeier,AllgTy00,17,45,2.6,16,0.9,3,
2026_01_ARI_LAC,202609130sdg,2026,1,REG,ARI,LAC,Jeremiyah Love,LoveJe00,11,15,1.4,26,2.4,1,
2026_01_ARI_LAC,202609130sdg,2026,1,REG,ARI,LAC,Jacoby Brissett,BrisJa00,6,12,2,2,0.3,0,
2026_01_MIA_LV,202609130rai,2026,1,REG,LV,MIA,Ashton Jeanty,JeanAs00,23,45,2,57,2.5,4,
2026_01_MIA_LV,202609130rai,2026,1,REG,LV,MIA,Mike Washington Jr.,WashMi00,7,30,4.3,11,1.6,0,
2026_01_MIA_LV,202609130rai,2026,1,REG,LV,MIA,Kirk Cousins,CousKi00,5,-6,-1.2,0,0,0,
2026_01_MIA_LV,202609130rai,2026,1,REG,LV,MIA,Malik Benson,BensMa00,1,-8,-8,0,0,0,
2026_01_MIA_LV,202609130rai,2026,1,REG,LV,MIA,Connor Heyward,HeywCo00,1,1,1,0,0,0,
2026_01_MIA_LV,202609130rai,2026,1,REG,MIA,LV,De'Von Achane,AchaDe00,11,21,1.9,15,1.4,0,
2026_01_MIA_LV,202609130rai,2026,1,REG,MIA,LV,Malik Willis,WillMa12,6,37,6.2,2,0.3,0,
2026_01_MIA_LV,202609130rai,2026,1,REG,MIA,LV,Jaylen Wright,WrigJa04,1,-1,-1,0,0,0,
2026_01_GB_MIN,202609130min,2026,1,REG,MIN,GB,Jordan Mason,MasoJo00,15,24,1.6,35,2.3,0,
2026_01_GB_MIN,202609130min,2026,1,REG,MIN,GB,Aaron Jones,JoneAa00,12,20,1.7,20,1.7,0,
2026_01_GB_MIN,202609130min,2026,1,REG,MIN,GB,Carson Wentz,WentCa00,5,-3,-0.6,2,0.4,0,
2026_01_GB_MIN,202609130min,2026,1,REG,MIN,GB,Kyler Murray,MurrKy00,2,9,4.5,0,0,0,
2026_01_GB_MIN,202609130min,2026,1,REG,GB,MIN,MarShawn Lloyd,LloyMa00,13,24,1.8,13,1,0,
2026_01_GB_MIN,202609130min,2026,1,REG,GB,MIN,Chris Brooks,BrooCh00,7,19,2.7,10,1.4,0,
2026_01_GB_MIN,202609130min,2026,1,REG,GB,MIN,Jordan Love,LoveJo03,1,0,0,0,0,0,
2026_01_WAS_PHI,202609130phi,2026,1,REG,PHI,WAS,Saquon Barkley,BarkSa00,15,20,1.3,63,4.2,1,
2026_01_WAS_PHI,202609130phi,2026,1,REG,PHI,WAS,Jalen Hurts,HurtJa00,7,26,3.7,20,2.9,1,
2026_01_WAS_PHI,202609130phi,2026,1,REG,PHI,WAS,Will Shipley,ShipWi00,2,3,1.5,1,0.5,0,
2026_01_WAS_PHI,202609130phi,2026,1,REG,PHI,WAS,Tank Bigsby,BigsTa00,1,2,2,1,1,0,
2026_01_WAS_PHI,202609130phi,2026,1,REG,WAS,PHI,Jacory Croskey-Merritt,CrosJa00,16,41,2.6,22,1.4,0,
2026_01_WAS_PHI,202609130phi,2026,1,REG,WAS,PHI,Rachaad White,WhitRa01,7,14,2,8,1.1,1,
2026_01_WAS_PHI,202609130phi,2026,1,REG,WAS,PHI,Jayden Daniels,DaniJa02,5,10,2,21,4.2,1,
2026_01_WAS_PHI,202609130phi,2026,1,REG,WAS,PHI,Kaytron Allen,AlleKa01,4,9,2.3,7,1.8,0,
2026_01_DAL_NYG,202609130nyg,2026,1,REG,NYG,DAL,Cam Skattebo,SkatCa00,18,24,1.3,57,3.2,2,
2026_01_DAL_NYG,202609130nyg,2026,1,REG,NYG,DAL,Jaxson Dart,DartJa00,11,46,4.2,8,0.7,0,
2026_01_DAL_NYG,202609130nyg,2026,1,REG,NYG,DAL,Devin Singletary,SingDe00,6,5,0.8,11,1.8,0,
2026_01_DAL_NYG,202609130nyg,2026,1,REG,NYG,DAL,Tyrone Tracy Jr.,TracTy00,2,5,2.5,9,4.5,0,
2026_01_DAL_NYG,202609130nyg,2026,1,REG,DAL,NYG,Javonte Williams,WillJa10,12,16,1.3,25,2.1,2,
2026_01_DAL_NYG,202609130nyg,2026,1,REG,DAL,NYG,Emari Demercado,DemeEm00,2,0,0,7,3.5,0,
2026_01_DAL_NYG,202609130nyg,2026,1,REG,DAL,NYG,Dak Prescott,PresDa01,2,10,5,4,2,1,
2026_01_DAL_NYG,202609130nyg,2026,1,REG,DAL,NYG,CeeDee Lamb,LambCe00,1,0,0,0,0,0,
2026_01_DAL_NYG,202609130nyg,2026,1,REG,DAL,NYG,Hunter Luepke,LuepHu00,1,7,7,0,0,0,
2026_01_DEN_KC,202609140kan,2026,1,REG,KC,DEN,Kenneth Walker III,WalkKe00,23,46,2,127,5.5,3,
2026_01_DEN_KC,202609140kan,2026,1,REG,KC,DEN,Emmett Johnson,JohnEm01,8,7,0.9,17,2.1,0,
2026_01_DEN_KC,202609140kan,2026,1,REG,KC,DEN,Patrick Mahomes,MahoPa00,7,6,0.9,17,2.4,0,
2026_01_DEN_KC,202609140kan,2026,1,REG,DEN,KC,J.K. Dobbins,DobbJK00,8,8,1,28,3.5,0,
2026_01_DEN_KC,202609140kan,2026,1,REG,DEN,KC,RJ Harvey,HarvRJ00,3,11,3.7,7,2.3,0,
2026_01_DEN_KC,202609140kan,2026,1,REG,DEN,KC,Bo Nix,NixxBo00,3,2,0.7,0,0,0,
2026_01_DEN_KC,202609140kan,2026,1,REG,DEN,KC,Troy Franklin,FranTr00,1,3,3,2,2,0,
2026_02_DET_BUF,202609170buf,2026,2,REG,BUF,DET,James Cook,CookJa01,21,103,4.9,32,1.5,1,
2026_02_DET_BUF,202609170buf,2026,2,REG,BUF,DET,Josh Allen,AlleJo02,14,55,3.9,14,1,0,
2026_02_DET_BUF,202609170buf,2026,2,REG,BUF,DET,D.J. Moore,MoorD.00,1,-1,-1,0,0,0,
2026_02_DET_BUF,202609170buf,2026,2,REG,DET,BUF,Jahmyr Gibbs,GibbJa01,16,30,1.9,22,1.4,6,
2026_02_DET_BUF,202609170buf,2026,2,REG,DET,BUF,Jared Goff,GoffJa00,3,7,2.3,0,0,0,
2026_02_DET_BUF,202609170buf,2026,2,REG,DET,BUF,Sione Vaki,VakiSi00,1,4,4,3,3,0,
2026_02_CAR_ATL,202609200atl,2026,2,REG,ATL,CAR,Bijan Robinson,RobiBi01,16,46,2.9,26,1.6,1,
2026_02_CAR_ATL,202609200atl,2026,2,REG,ATL,CAR,Brian Robinson Jr.,RobiBr01,11,31,2.8,20,1.8,0,
2026_02_CAR_ATL,202609200atl,2026,2,REG,ATL,CAR,Cooper Rush,RushCo00,2,20,10,0,0,0,
2026_02_CAR_ATL,202609200atl,2026,2,REG,ATL,CAR,Jack Strand,StraJa00,2,16,8,0,0,0,
2026_02_CAR_ATL,202609200atl,2026,2,REG,ATL,CAR,Drake London,LondDr00,1,-2,-2,0,0,0,
2026_02_CAR_ATL,202609200atl,2026,2,REG,CAR,ATL,Chuba Hubbard,HubbCh01,12,40,3.3,13,1.1,2,
2026_02_CAR_ATL,202609200atl,2026,2,REG,CAR,ATL,Jonathon Brooks,BrooJo02,5,16,3.2,0,0,0,
2026_02_CAR_ATL,202609200atl,2026,2,REG,CAR,ATL,AJ Dillon,DillAJ00,3,-3,-1,0,0,0,
2026_02_CAR_ATL,202609200atl,2026,2,REG,CAR,ATL,Kenny Pickett,PickKe00,1,-4,-4,0,0,0,
2026_02_CAR_ATL,202609200atl,2026,2,REG,CAR,ATL,Bryce Young,YounBr01,1,6,6,0,0,0,
2026_02_NO_BAL,202609200rav,2026,2,REG,BAL,NO,Derrick Henry,HenrDe00,16,34,2.1,34,2.1,4,
2026_02_NO_BAL,202609200rav,2026,2,REG,BAL,NO,Lamar Jackson,JackLa00,4,19,4.8,15,3.8,3,
2026_02_NO_BAL,202609200rav,2026,2,REG,BAL,NO,Justice Hill,HillJu00,2,6,3,0,0,0,
2026_02_NO_BAL,202609200rav,2026,2,REG,NO,BAL,Alvin Kamara,KamaAl00,9,3,0.3,12,1.3,2,
2026_02_NO_BAL,202609200rav,2026,2,REG,NO,BAL,Tyler Shough,ShouTy00,9,2,0.2,21,2.3,2,
2026_02_NO_BAL,202609200rav,2026,2,REG,NO,BAL,Travis Etienne,EtieTr00,8,14,1.8,11,1.4,2,
2026_02_NO_BAL,202609200rav,2026,2,REG,NO,BAL,CJ Donaldson,DonaCJ00,1,2,2,0,0,0,
2026_02_MIN_CHI,202609200chi,2026,2,REG,CHI,MIN,D'Andre Swift,SwifDA00,16,24,1.5,21,1.3,0,
2026_02_MIN_CHI,202609200chi,2026,2,REG,CHI,MIN,Kyle Monangai,MonaKy00,10,27,2.7,20,2,1,
2026_02_MIN_CHI,202609200chi,2026,2,REG,CHI,MIN,Caleb Williams,WillCa03,5,34,6.8,8,1.6,1,
2026_02_MIN_CHI,202609200chi,2026,2,REG,MIN,CHI,Aaron Jones,JoneAa00,23,74,3.2,31,1.3,1,
2026_02_MIN_CHI,202609200chi,2026,2,REG,MIN,CHI,Carson Wentz,WentCa00,3,5,1.7,1,0.3,0,
2026_02_MIN_CHI,202609200chi,2026,2,REG,MIN,CHI,DeeJay Dallas,DallDe00,2,5,2.5,3,1.5,0,
2026_02_CIN_HOU,202609200htx,2026,2,REG,HOU,CIN,Woody Marks,MarkWo00,8,2,0.3,6,0.8,0,
2026_02_CIN_HOU,202609200htx,2026,2,REG,HOU,CIN,David Montgomery,MontDa01,6,4,0.7,6,1,0,
2026_02_CIN_HOU,202609200htx,2026,2,REG,HOU,CIN,C.J. Stroud,StroCJ00,3,29,9.7,0,0,0,
2026_02_CIN_HOU,202609200htx,2026,2,REG,HOU,CIN,Jaylin Noel,NoelJa00,1,6,6,7,7,0,
2026_02_CIN_HOU,202609200htx,2026,2,REG,CIN,HOU,Chase Brown,BrowCh10,20,42,2.1,38,1.9,2,
2026_02_CIN_HOU,202609200htx,2026,2,REG,CIN,HOU,Samaje Perine,PeriSa00,2,3,1.5,3,1.5,0,
2026_02_CIN_HOU,202609200htx,2026,2,REG,CIN,HOU,Joe Burrow,BurrJo01,1,-1,-1,0,0,0,
2026_02_PIT_NE,202609200nwe,2026,2,REG,NE,PIT,TreVeyon Henderson,HendTr02,16,39,2.4,37,2.3,0,
2026_02_PIT_NE,202609200nwe,2026,2,REG,NE,PIT,Rhamondre Stevenson,StevRh00,6,19,3.2,24,4,0,
2026_02_PIT_NE,202609200nwe,2026,2,REG,NE,PIT,Drake Maye,MayeDr00,4,14,3.5,3,0.8,0,
2026_02_PIT_NE,202609200nwe,2026,2,REG,NE,PIT,Corey Kiner,KineCo00,2,-2,-1,2,1,0,
2026_02_PIT_NE,202609200nwe,2026,2,REG,PIT,NE,Jaylen Warren,WarrJa01,11,22,2,21,1.9,0,
2026_02_PIT_NE,202609200nwe,2026,2,REG,PIT,NE,Rico Dowdle,DowdRi01,7,15,2.1,7,1,0,
2026_02_PIT_NE,202609200nwe,2026,2,REG,PIT,NE,Travis Homer,HomeTr00,2,10,5,6,3,0,
2026_02_PIT_NE,202609200nwe,2026,2,REG,PIT,NE,Pat Freiermuth,FreiPa00,1,1,1,1,1,0,
2026_02_PIT_NE,202609200nwe,2026,2,REG,PIT,NE,Aaron Rodgers,RodgAa00,1,5,5,0,0,0,
2026_02_PIT_NE,202609200nwe,2026,2,REG,PIT,NE,Mason Rudolph,RudoMa00,1,0,0,3,3,0,
2026_02_GB_NYJ,202609200nyj,2026,2,REG,NYJ,GB,Breece Hall,HallBr03,16,16,1,13,0.8,0,
2026_02_GB_NYJ,202609200nyj,2026,2,REG,NYJ,GB,Braelon Allen,AlleBr05,5,6,1.2,1,0.2,0,
2026_02_GB_NYJ,202609200nyj,2026,2,REG,NYJ,GB,Geno Smith,SmitGe00,5,9,1.8,8,1.6,0,
2026_02_GB_NYJ,202609200nyj,2026,2,REG,NYJ,GB,Isaiah Williams,WillIs03,1,6,6,8,8,1,
2026_02_GB_NYJ,202609200nyj,2026,2,REG,GB,NYJ,Kaleb Johnson,JohnKa03,8,13,1.6,19,2.4,2,
2026_02_GB_NYJ,202609200nyj,2026,2,REG,GB,NYJ,MarShawn Lloyd,LloyMa00,6,13,2.2,7,1.2,1,
2026_02_GB_NYJ,202609200nyj,2026,2,REG,GB,NYJ,Chris Brooks,BrooCh00,4,6,1.5,5,1.3,0,
2026_02_CLE_TB,202609200tam,2026,2,REG,TB,CLE,Bucky Irving,IrviBu00,17,57,3.4,32,1.9,1,
2026_02_CLE_TB,202609200tam,2026,2,REG,TB,CLE,Baker Mayfield,MayfBa00,4,18,4.5,11,2.8,0,
2026_02_CLE_TB,202609200tam,2026,2,REG,TB,CLE,Kenneth Gainwell,GainKe00,2,-1,-0.5,11,5.5,1,
2026_02_CLE_TB,202609200tam,2026,2,REG,TB,CLE,Emeka Egbuka,EgbuEm01,1,-3,-3,0,0,0,
2026_02_CLE_TB,202609200tam,2026,2,REG,TB,CLE,Chris Godwin,GodwCh00,1,10,10,2,2,0,
2026_02_CLE_TB,202609200tam,2026,2,REG,CLE,TB,Quinshon Judkins,JudkQu00,12,5,0.4,16,1.3,0,
2026_02_CLE_TB,202609200tam,2026,2,REG,CLE,TB,Deshaun Watson,WatsDe00,7,7,1,15,2.1,0,
2026_02_CLE_TB,202609200tam,2026,2,REG,CLE,TB,Raheim Sanders,SandRa00,2,0,0,4,2,0,
2026_02_CLE_TB,202609200tam,2026,2,REG,CLE,TB,KC Concepcion,ConcKC00,1,-6,-6,0,0,0,
2026_02_CLE_TB,202609200tam,2026,2,REG,CLE,TB,Jaleel McLaughlin,McLaJa00,1,1,1,2,2,0,
2026_02_PHI_TEN,202609200oti,2026,2,REG,TEN,PHI,Tony Pollard,PollTo00,14,31,2.2,33,2.4,1,
2026_02_PHI_TEN,202609200oti,2026,2,REG,TEN,PHI,Tyjae Spears,SpeaTy00,7,25,3.6,16,2.3,0,
2026_02_PHI_TEN,202609200oti,2026,2,REG,TEN,PHI,Nicholas Singleton,SingNi01,4,7,1.8,3,0.8,0,
2026_02_PHI_TEN,202609200oti,2026,2,REG,TEN,PHI,Cam Ward,WardCa00,4,6,1.5,1,0.3,0,
2026_02_PHI_TEN,202609200oti,2026,2,REG,PHI,TEN,Tank Bigsby,BigsTa00,13,13,1,20,1.5,0,
2026_02_PHI_TEN,202609200oti,2026,2,REG,PHI,TEN,Will Shipley,ShipWi00,7,16,2.3,8,1.1,0,
2026_02_PHI_TEN,202609200oti,2026,2,REG,PHI,TEN,Jalen Hurts,HurtJa00,5,14,2.8,2,0.4,0,
2026_02_PHI_TEN,202609200oti,2026,2,REG,PHI,TEN,Saquon Barkley,BarkSa00,4,6,1.5,3,0.8,0,
2026_02_PHI_TEN,202609200oti,2026,2,REG,PHI,TEN,Marquise Brown,BrowMa04,2,12,6,0,0,0,
2026_02_PHI_TEN,202609200oti,2026,2,REG,PHI,TEN,Makai Lemon,LemoMa00,1,-5,-5,0,0,0,
2026_02_JAX_DEN,202609200den,2026,2,REG,DEN,JAX,Jonah Coleman,ColeJo00,10,29,2.9,10,1,0,
2026_02_JAX_DEN,202609200den,2026,2,REG,DEN,JAX,J.K. Dobbins,DobbJK00,10,20,2,16,1.6,0,
2026_02_JAX_DEN,202609200den,2026,2,REG,DEN,JAX,Bo Nix,NixxBo00,5,6,1.2,0,0,0,
2026_02_JAX_DEN,202609200den,2026,2,REG,DEN,JAX,Nate Adkins,AdkiNa00,1,5,5,1,1,0,
2026_02_JAX_DEN,202609200den,2026,2,REG,DEN,JAX,Tyler Badie,BadiTy00,1,0,0,1,1,0,
2026_02_JAX_DEN,202609200den,2026,2,REG,DEN,JAX,Pat Bryant,BryaPa00,1,14,14,2,2,0,
2026_02_JAX_DEN,202609200den,2026,2,REG,JAX,DEN,Bhayshul Tuten,TuteBh00,13,27,2.1,38,2.9,0,
2026_02_JAX_DEN,202609200den,2026,2,REG,JAX,DEN,Chris Rodriguez,RodrCh00,6,2,0.3,11,1.8,0,
2026_02_JAX_DEN,202609200den,2026,2,REG,JAX,DEN,Ameer Abdullah,AbduAm00,3,6,2,5,1.7,0,
2026_02_JAX_DEN,202609200den,2026,2,REG,JAX,DEN,Trevor Lawrence,LawrTr00,2,2,1,4,2,0,
2026_02_LV_LAC,202609200sdg,2026,2,REG,LAC,LV,Omarion Hampton,HampOm00,23,50,2.2,44,1.9,1,
2026_02_LV_LAC,202609200sdg,2026,2,REG,LAC,LV,Keaton Mitchell,MitcKe01,5,21,4.2,3,0.6,0,
2026_02_LV_LAC,202609200sdg,2026,2,REG,LAC,LV,Justin Herbert,HerbJu00,3,1,0.3,1,0.3,0,
2026_02_LV_LAC,202609200sdg,2026,2,REG,LAC,LV,Quentin Johnston,JohnQu02,1,5,5,2,2,0,
2026_02_LV_LAC,202609200sdg,2026,2,REG,LV,LAC,Ashton Jeanty,JeanAs00,21,21,1,27,1.3,0,
2026_02_LV_LAC,202609200sdg,2026,2,REG,LV,LAC,Kirk Cousins,CousKi00,4,1,0.3,0,0,0,
2026_02_LV_LAC,202609200sdg,2026,2,REG,LV,LAC,Mike Washington Jr.,WashMi00,3,4,1.3,3,1,0,
2026_02_LV_LAC,202609200sdg,2026,2,REG,LV,LAC,Connor Heyward,HeywCo00,1,0,0,1,1,0,
2026_02_SEA_ARI,202609200crd,2026,2,REG,ARI,SEA,Jeremiyah Love,LoveJe00,9,18,2,11,1.2,0,
2026_02_SEA_ARI,202609200crd,2026,2,REG,ARI,SEA,Tyler Allgeier,AllgTy00,5,4,0.8,6,1.2,0,
2026_02_SEA_ARI,202609200crd,2026,2,REG,ARI,SEA,Zonovan Knight,KnigZo00,2,15,7.5,9,4.5,0,
2026_02_SEA_ARI,202609200crd,2026,2,REG,ARI,SEA,Jacoby Brissett,BrisJa00,1,6,6,1,1,0,
2026_02_SEA_ARI,202609200crd,2026,2,REG,SEA,ARI,Emanuel Wilson,WilsEm00,21,60,2.9,32,1.5,0,
2026_02_SEA_ARI,202609200crd,2026,2,REG,SEA,ARI,Jadarian Price,PricJa02,13,31,2.4,21,1.6,1,
2026_02_SEA_ARI,202609200crd,2026,2,REG,SEA,ARI,George Holani,HolaGe00,4,8,2,5,1.3,0,
2026_02_SEA_ARI,202609200crd,2026,2,REG,SEA,ARI,AJ Barner,BarnAJ00,1,0,0,1,1,0,
2026_02_SEA_ARI,202609200crd,2026,2,REG,SEA,ARI,Rashid Shaheed,ShahRa00,1,1,1,3,3,0,
2026_02_WAS_DAL,202609200dal,2026,2,REG,DAL,WAS,Javonte Williams,WillJa10,12,18,1.5,12,1,0,
2026_02_WAS_DAL,202609200dal,2026,2,REG,DAL,WAS,Dak Prescott,PresDa01,4,23,5.8,3,0.8,0,
2026_02_WAS_DAL,202609200dal,2026,2,REG,DAL,WAS,Emari Demercado,DemeEm00,3,5,1.7,3,1,0,
2026_02_WAS_DAL,202609200dal,2026,2,REG,DAL,WAS,Hunter Luepke,LuepHu00,1,1,1,0,0,0,
2026_02_WAS_DAL,202609200dal,2026,2,REG,DAL,WAS,KaVontae Turpin,TurpKa00,1,1,1,0,0,0,
2026_02_WAS_DAL,202609200dal,2026,2,REG,WAS,DAL,Jacory Croskey-Merritt,CrosJa00,12,24,2,19,1.6,0,
2026_02_WAS_DAL,202609200dal,2026,2,REG,WAS,DAL,Jayden Daniels,DaniJa02,7,69,9.9,0,0,0,
2026_02_WAS_DAL,202609200dal,2026,2,REG,WAS,DAL,Rachaad White,WhitRa01,7,24,3.4,19,2.7,2,
2026_02_WAS_DAL,202609200dal,2026,2,REG,WAS,DAL,Kaytron Allen,AlleKa01,5,16,3.2,8,1.6,0,
2026_02_WAS_DAL,202609200dal,2026,2,REG,WAS,DAL,Marcus Mariota,MariMa01,1,3,3,0,0,0,
2026_02_MIA_SF,202609200sfo,2026,2,REG,SF,MIA,Christian McCaffrey,McCaCh01,10,11,1.1,12,1.2,0,
2026_02_MIA_SF,202609200sfo,2026,2,REG,SF,MIA,Kaelon Black,BlacKa00,7,11,1.6,14,2,1,
2026_02_MIA_SF,202609200sfo,2026,2,REG,SF,MIA,Jordan James,JameJo01,4,4,1,11,2.8,0,
2026_02_MIA_SF,202609200sfo,2026,2,REG,SF,MIA,Brock Purdy,PurdBr00,3,30,10,0,0,0,
2026_02_MIA_SF,202609200sfo,2026,2,REG,SF,MIA,Mac Jones,JoneMa05,2,-2,-1,0,0,0,
2026_02_MIA_SF,202609200sfo,2026,2,REG,SF,MIA,Deebo Samuel,SamuDe00,1,2,2,2,2,0,
2026_02_MIA_SF,202609200sfo,2026,2,REG,MIA,SF,De'Von Achane,AchaDe00,20,44,2.2,30,1.5,0,
2026_02_MIA_SF,202609200sfo,2026,2,REG,MIA,SF,Ollie Gordon,GordOl00,3,4,1.3,3,1,0,
2026_02_MIA_SF,202609200sfo,2026,2,REG,MIA,SF,Malik Willis,WillMa12,2,6,3,0,0,0,
2026_02_MIA_SF,202609200sfo,2026,2,REG,MIA,SF,Jaylen Wright,WrigJa04,2,6,3,5,2.5,0,
2026_02_MIA_SF,202609200sfo,2026,2,REG,MIA,SF,Bradley Pinion,PiniBr00,1,0,0,0,0,0,
2026_02_MIA_SF,202609200sfo,2026,2,REG,MIA,SF,Malik Washington,WashMa00,1,0,0,4,4,0,
2026_02_IND_KC,202609200kan,2026,2,REG,KC,IND,Kenneth Walker III,WalkKe00,24,57,2.4,60,2.5,3,
2026_02_IND_KC,202609200kan,2026,2,REG,KC,IND,Emmett Johnson,JohnEm01,2,4,2,11,5.5,0,
2026_02_IND_KC,202609200kan,2026,2,REG,KC,IND,Patrick Mahomes,MahoPa00,2,11,5.5,6,3,0,
2026_02_IND_KC,202609200kan,2026,2,REG,KC,IND,Khyiris Tonga,TongKh00,1,1,1,2,2,0,
2026_02_IND_KC,202609200kan,2026,2,REG,IND,KC,Jonathan Taylor,TaylJo02,24,40,1.7,52,2.2,0,
2026_02_IND_KC,202609200kan,2026,2,REG,IND,KC,Daniel Jones,JoneDa05,3,7,2.3,3,1,0,
2026_02_IND_KC,202609200kan,2026,2,REG,IND,KC,Deion Burks,BurkDe02,2,9,4.5,5,2.5,0,
2026_02_IND_KC,202609200kan,2026,2,REG,IND,KC,Seth McGowan,McGoSe01,2,0,0,0,0,0,
2026_02_IND_KC,202609200kan,2026,2,REG,IND,KC,Tyler Warren,WarrTy00,1,0,0,3,3,0,
2026_02_NYG_LA,202609210ram,2026,2,REG,LA,NYG,Blake Corum,CoruBl00,12,53,4.4,26,2.2,0,
2026_02_NYG_LA,202609210ram,2026,2,REG,LA,NYG,Kyren Williams,WillKy02,12,51,4.3,34,2.8,0,
2026_02_NYG_LA,202609210ram,2026,2,REG,LA,NYG,Matthew Stafford,StafMa00,4,-2,-0.5,1,0.3,0,
2026_02_NYG_LA,202609210ram,2026,2,REG,NYG,LA,Cam Skattebo,SkatCa00,12,15,1.3,21,1.8,1,
2026_02_NYG_LA,202609210ram,2026,2,REG,NYG,LA,Najee Harris,HarrNa00,4,0,0,6,1.5,0,
2026_02_NYG_LA,202609210ram,2026,2,REG,NYG,LA,Devin Singletary,SingDe00,3,6,2,3,1,0,
2026_02_NYG_LA,202609210ram,2026,2,REG,NYG,LA,Jameis Winston,WinsJa00,2,1,0.5,0,0,0,
2026_03_ATL_GB,202609240gnb,2026,3,REG,GB,ATL,Kaleb Johnson,JohnKa03,4,3,0.8,3,0.8,0,
2026_03_ATL_GB,202609240gnb,2026,3,REG,GB,ATL,MarShawn Lloyd,LloyMa00,4,8,2,3,0.8,0,
2026_03_ATL_GB,202609240gnb,2026,3,REG,GB,ATL,Jordan Love,LoveJo03,1,-2,-2,2,2,0,
2026_03_ATL_GB,202609240gnb,2026,3,REG,ATL,GB,Bijan Robinson,RobiBi01,29,103,3.6,91,3.1,1,
2026_03_ATL_GB,202609240gnb,2026,3,REG,ATL,GB,Brian Robinson Jr.,RobiBr01,10,12,1.2,38,3.8,0,
2026_03_ATL_GB,202609240gnb,2026,3,REG,ATL,GB,Michael Penix,PeniMi00,2,-2,-1,0,0,0,
