source,fc_id,sleeper_id,name,position,team,age,value,overall_rank,position_rank,redraft_value,combined_value,trend_30_day,tier,trade_frequency
FantasyCalcAPI,9833,9509,Bijan Robinson,RB,ATL,24.2,11038,1,1,10475,21513,94,1,0.008
FantasyCalcAPI,9821,9221,Jahmyr Gibbs,RB,DET,24.1,10695,2,2,10423,21118,239,2,0.008
FantasyCalcAPI,5856,7564,Ja'Marr Chase,WR,CIN,26.2,9703,3,1,9983,19686,275,3,0.0102
FantasyCalcAPI,9924,9488,Jaxon Smith-Njigba,WR,SEA,24.2,9356,4,2,9079,18435,24,3,0.0086
FantasyCalcAPI,9822,9493,Puka Nacua,WR,LAR,24.9,8567,5,3,8899,17466,-422,4,0.0077
FantasyCalcAPI,13485,13287,Jeremiyah Love,RB,,,7878,6,3,7874,15752,191,5,0.0114
FantasyCalcAPI,12612,12527,Ashton Jeanty,RB,LV,22.4,7704,7,4,7965,15669,159,6,0.0125
FantasyCalcAPI,11737,11632,Malik Nabers,WR,NYG,22.8,7192,8,4,6473,13665,-99,7,0.0133
FantasyCalcAPI,7569,6794,Justin Jefferson,WR,MIN,26.9,7173,9,5,8682,15855,-192,7,0.013
FantasyCalcAPI,1527,7547,Amon-Ra St. Brown,WR,DET,26.5,7101,10,6,8387,15488,-271,7,0.0094
FantasyCalcAPI,11702,11604,Brock Bowers,TE,LV,23.4,6886,11,1,6063,12949,365,8,0.0076
FantasyCalcAPI,16523,DP_0_0,2026 Pick 1.01,PICK,,,6772,12,1,0,6772,136,8,
FantasyCalcAPI,7325,8130,Trey McBride,TE,ARI,26.4,6767,12,2,7518,14285,167,8,0.0076
FantasyCalcAPI,4835,6786,CeeDee Lamb,WR,DAL,27.1,6707,13,7,8213,14920,-35,8,0.0111
FantasyCalcAPI,9969,9226,De'Von Achane,RB,MIA,24.5,6678,14,5,8196,14874,105,8,0.0124
FantasyCalcAPI,12573,12507,Omarion Hampton,RB,LAC,23.1,6216,15,6,6885,13101,-368,9,0.012
FantasyCalcAPI,998,8112,Drake London,WR,ATL,24.8,5706,16,8,5960,11666,-128,10,0.0139
FantasyCalcAPI,3046,6813,Jonathan Taylor,RB,IND,27.3,5500,17,7,8170,13670,-41,10,0.0108
FantasyCalcAPI,6170,4984,Josh Allen,QB,BUF,29.9,5472,18,1,6304,11776,-113,10,0.0096
FantasyCalcAPI,182,8138,James Cook,RB,BUF,26.6,5332,19,8,7679,13011,60,10,0.0108
FantasyCalcAPI,12635,12526,Tetairoa McMillan,WR,CAR,23.1,5242,20,9,4473,9715,197,10,0.0154
FantasyCalcAPI,11696,11564,Drake Maye,QB,NE,23.7,4790,21,2,3677,8467,21,11,0.0062
FantasyCalcAPI,1749,8151,Kenneth Walker,RB,KC,25.5,4558,22,9,6043,10601,-338,11,0.0171
FantasyCalcAPI,12578,12517,Colston Loveland,TE,CHI,22.1,4533,23,3,2675,7208,17,11,0.0093
FantasyCalcAPI,12595,12514,Emeka Egbuka,WR,TB,23.5,4474,24,10,3717,8191,-82,11,0.0145
FantasyCalcAPI,1436,8137,George Pickens,WR,DAL,25.2,4400,25,11,4405,8805,-460,11,0.0171
FantasyCalcAPI,5030,7569,Nico Collins,WR,HOU,27.1,4262,26,12,5079,9341,-264,12,0.0159
FantasyCalcAPI,5494,4034,Christian McCaffrey,RB,SF,29.9,4257,27,10,7503,11760,-282,12,0.0109
FantasyCalcAPI,13483,13279,Carnell Tate,WR,,,4211,28,13,2571,6782,-232,12,0.0114
FantasyCalcAPI,4576,8155,Breece Hall,RB,NYJ,24.9,4198,29,11,5154,9352,-62,12,0.0171
FantasyCalcAPI,16524,DP_0_1,2026 Pick 1.02,PICK,,,4174,30,2,0,4174,-68,12,
FantasyCalcAPI,2548,8144,Chris Olave,WR,NO,25.8,4159,30,14,4360,8519,-68,12,0.0139
FantasyCalcAPI,12632,12512,Quinshon Judkins,RB,CLE,22.5,4142,31,12,3813,7955,83,12,0.0159
FantasyCalcAPI,7257,4866,Saquon Barkley,RB,PHI,29.2,4127,32,13,6973,11100,-92,12,0.0153
FantasyCalcAPI,12580,12529,TreVeyon Henderson,RB,NE,23.5,4104,33,14,4302,8406,-238,12,0.0161
FantasyCalcAPI,11701,11566,Jayden Daniels,QB,WAS,25.4,3972,34,3,3033,7005,52,13,0.0099
FantasyCalcAPI,12592,12518,Tyler Warren,TE,IND,23.9,3971,35,4,2814,6785,-105,13,0.0112
FantasyCalcAPI,6813,8146,Garrett Wilson,WR,NYJ,25.8,3954,36,15,4016,7970,-264,13,0.015
FantasyCalcAPI,9967,9224,Chase Brown,RB,CIN,26.1,3888,37,15,5203,9091,-175,14,0.0132
FantasyCalcAPI,16525,DP_0_2,2026 Pick 1.03,PICK,,,3857,38,3,0,3857,-44,14,
FantasyCalcAPI,13550,13294,Makai Lemon,WR,,,3854,38,16,2114,5968,-770,14,0.0114
FantasyCalcAPI,11708,11560,Caleb Williams,QB,CHI,24.4,3839,39,4,2589,6428,117,14,0.0067
FantasyCalcAPI,9929,10229,Rashee Rice,WR,KC,26.0,3822,40,17,3914,7736,412,14,0.0166
FantasyCalcAPI,3101,4881,Lamar Jackson,QB,BAL,29.3,3801,41,5,3707,7508,-204,14,0.0113
FantasyCalcAPI,11766,11635,Ladd McConkey,WR,LAC,24.5,3766,42,18,3142,6908,-112,14,0.0144
FantasyCalcAPI,7315,8150,Kyren Williams,RB,LAR,25.7,3762,43,16,4810,8572,98,14,0.0151
FantasyCalcAPI,11779,11584,Bucky Irving,RB,TB,23.7,3715,44,17,3764,7479,-322,14,0.0169
FantasyCalcAPI,13498,13281,Jordyn Tyson,WR,,,3680,45,19,1914,5594,-10,15,0.0114
FantasyCalcAPI,11763,11620,Rome Odunze,WR,CHI,23.9,3583,46,20,2583,6166,-105,15,0.0181
FantasyCalcAPI,4118,5859,A.J. Brown,WR,PHI,28.8,3564,47,21,4611,8175,147,15,0.0212
FantasyCalcAPI,1002,6770,Joe Burrow,QB,CIN,29.4,3523,48,6,3279,6802,-18,15,0.0082
FantasyCalcAPI,6635,7525,DeVonta Smith,WR,PHI,27.5,3468,49,22,3902,7370,290,16,0.02
FantasyCalcAPI,11734,11628,Marvin Harrison Jr,WR,ARI,23.7,3462,50,23,2330,5792,51,16,0.0193
FantasyCalcAPI,12590,12519,Luther Burden,WR,CHI,22.4,3369,51,24,1683,5052,-180,16,0.0187
FantasyCalcAPI,1326,5850,Josh Jacobs,RB,GB,28.2,3344,52,18,5111,8455,-101,16,0.0115
FantasyCalcAPI,16526,DP_0_3,2026 Pick 1.04,PICK,,,3331,53,4,0,3331,9,16,
FantasyCalcAPI,11726,11631,Brian Thomas,WR,JAX,23.6,3261,53,25,1971,5232,-241,16,0.0198
FantasyCalcAPI,5531,6801,Tee Higgins,WR,CIN,27.3,3188,54,26,3319,6507,-146,17,0.0157
FantasyCalcAPI,9930,9997,Zay Flowers,WR,BAL,25.6,3179,55,27,2644,5823,-142,17,0.0148
FantasyCalcAPI,6963,7588,Javonte Williams,RB,DAL,26.0,3158,56,19,3835,6993,-166,17,0.014
FantasyCalcAPI,12659,12506,Harold Fannin,TE,CLE,21.8,3114,57,5,950,4064,59,17,0.0123
FantasyCalcAPI,3156,7543,Travis Etienne,RB,NO,27.3,3104,58,20,4248,7352,-338,17,0.0164
FantasyCalcAPI,12643,12481,Cam Skattebo,RB,NYG,24.2,3076,59,21,2894,5970,-137,17,0.0189
FantasyCalcAPI,8448,6797,Justin Herbert,QB,LAC,28.1,3074,60,7,2242,5316,-110,17,0.0063
FantasyCalcAPI,9824,9484,Tucker Kraft,TE,GB,25.5,3067,61,6,2050,5117,-6,17,0.0123
FantasyCalcAPI,880,4046,Patrick Mahomes,QB,KC,30.6,3034,62,8,2649,5683,-61,17,0.0078
FantasyCalcAPI,1409,7526,Jaylen Waddle,WR,DEN,27.4,3008,63,28,3033,6041,-146,18,0.02
FantasyCalcAPI,12609,12508,Jaxson Dart,QB,NYG,23.0,2985,64,9,1173,4158,41,18,0.0128
FantasyCalcAPI,9692,FP_2027_1,2027 1st,PICK,,,2961,65,5,0,2961,-17,18,
FantasyCalcAPI,16527,DP_0_4,2026 Pick 1.05,PICK,,,2930,65,6,0,2930,-18,18,
FantasyCalcAPI,5421,3198,Derrick Henry,RB,BAL,32.3,2899,65,22,5649,8548,-4,18,0.0116
FantasyCalcAPI,6407,6904,Jalen Hurts,QB,PHI,27.7,2887,66,10,1878,4765,-129,18,0.0095
FantasyCalcAPI,13467,13286,Jadarian Price,RB,,,2858,67,23,1615,4473,32,18,0.0116
FantasyCalcAPI,9843,10859,Sam LaPorta,TE,DET,25.3,2846,68,7,1676,4522,-121,18,0.0102
FantasyCalcAPI,13544,13298,KC Concepcion,WR,,,2829,69,29,897,3726,58,18,0.0114
FantasyCalcAPI,13446,13330,Kenyon Sadiq,TE,,,2816,70,8,696,3512,-212,19,0.0116
FantasyCalcAPI,1100,8148,Jameson Williams,WR,DET,25.1,2684,71,30,1659,4343,-174,19,0.013
FantasyCalcAPI,11728,11563,Bo Nix,QB,DEN,26.2,2676,72,11,1311,3987,-45,19,0.0084
FantasyCalcAPI,16528,DP_0_5,2026 Pick 1.06,PICK,,,2613,73,7,0,2613,-255,20,
FantasyCalcAPI,9662,FP_2026_1,2026 1st,PICK,,,2607,73,8,0,2607,-138,20,
FantasyCalcAPI,16529,DP_0_6,2026 Pick 1.07,PICK,,,2601,73,9,0,2601,-21,20,
FantasyCalcAPI,13500,13276,Omar Cooper,WR,,,2553,73,31,601,3154,343,20,0.0116
FantasyCalcAPI,280,7553,Kyle Pitts,TE,ATL,25.6,2550,74,9,1309,3859,-77,20,0.0124
FantasyCalcAPI,1086,7523,Trevor Lawrence,QB,JAX,26.6,2537,75,12,1173,3710,-61,20,0.0076
FantasyCalcAPI,16530,DP_0_7,2026 Pick 1.08,PICK,,,2392,76,10,0,2392,-21,21,
FantasyCalcAPI,13521,13346,Denzel Boston,WR,,,2391,76,32,474,2865,-471,21,0.0115
FantasyCalcAPI,12620,12490,Bhayshul Tuten,RB,JAX,23.2,2345,77,24,1248,3593,-176,21,0.0186
FantasyCalcAPI,5570,8183,Brock Purdy,QB,SF,26.3,2333,78,13,850,3183,-137,21,0.0091
FantasyCalcAPI,12601,12489,RJ Harvey,RB,DEN,25.2,2326,79,25,1855,4181,-275,21,0.0177
FantasyCalcAPI,5433,8142,Alec Pierce,WR,IND,26.0,2319,80,33,1328,3647,-79,21,0.0161
FantasyCalcAPI,1574,6790,D'Andre Swift,RB,CHI,27.3,2315,81,26,2504,4819,61,21,0.0116
FantasyCalcAPI,13517,13305,Mike Washington,RB,,,2276,82,27,777,3053,183,21,0.0115
FantasyCalcAPI,6110,4983,DJ Moore,WR,BUF,29.0,2272,83,34,2046,4318,-445,21,0.0167
FantasyCalcAPI,13497,13269,Fernando Mendoza,QB,,,2262,84,14,354,2616,129,21,0.0116
FantasyCalcAPI,16531,DP_0_8,2026 Pick 1.09,PICK,,,2214,85,11,0,2214,-21,22,
FantasyCalcAPI,13522,13345,Jonah Coleman,RB,,,2209,85,28,694,2903,-970,22,0.0114
FantasyCalcAPI,183,7594,Chuba Hubbard,RB,CAR,26.9,2207,86,29,2124,4331,50,22,0.0107
FantasyCalcAPI,7515,5892,David Montgomery,RB,HOU,28.9,2158,87,30,2657,4815,-154,22,0.0149
FantasyCalcAPI,4091,8126,Wan'Dale Robinson,WR,TEN,25.3,2137,88,35,867,3004,-20,22,0.0123
FantasyCalcAPI,9722,FP_2028_1,2028 1st,PICK,,,2111,89,12,0,2111,-13,22,
FantasyCalcAPI,3651,6804,Jordan Love,QB,GB,27.5,2078,89,15,650,2728,-50,23,0.0083
FantasyCalcAPI,9847,9756,Jordan Addison,WR,MIN,24.3,2071,90,36,561,2632,-216,23,0.0133
FantasyCalcAPI,12617,12530,Travis Hunter,WR,JAX,23.0,2063,91,37,378,2441,-154,23,0.0139
FantasyCalcAPI,16532,DP_0_9,2026 Pick 1.10,PICK,,,2062,92,13,0,2062,-21,23,
FantasyCalcAPI,9921,9753,Zach Charbonnet,RB,SEA,25.3,2035,92,31,1329,3364,-304,23,0.0119
FantasyCalcAPI,13445,13349,Eli Stowers,TE,,,2023,93,10,180,2203,-104,23,0.0115
FantasyCalcAPI,7495,2216,Mike Evans,WR,SF,32.7,2019,94,38,2422,4441,-26,23,0.012
FantasyCalcAPI,5240,5846,DK Metcalf,WR,PIT,28.4,2016,95,39,1386,3402,-82,23,0.012
FantasyCalcAPI,5981,8167,Christian Watson,WR,GB,27.0,2012,96,40,1053,3065,113,23,0.0122
FantasyCalcAPI,12672,12501,Matthew Golden,WR,GB,22.7,2011,97,41,315,2326,7,23,0.0149
FantasyCalcAPI,12576,12493,Oronde Gadsden,TE,LAC,22.8,1990,98,11,235,2225,-141,23,0.0134
FantasyCalcAPI,12711,12534,Kyle Monangai,RB,CHI,23.9,1979,99,32,850,2829,82,23,0.0166
FantasyCalcAPI,6637,3294,Dak Prescott,QB,DAL,32.8,1979,100,16,1093,3072,-183,23,0.0072
FantasyCalcAPI,4864,5927,Terry McLaurin,WR,WAS,30.6,1955,101,42,1780,3735,-158,24,0.0144
FantasyCalcAPI,13503,13337,Emmett Johnson,RB,,,1942,102,33,435,2377,-378,24,0.0115
FantasyCalcAPI,16533,DP_0_10,2026 Pick 1.11,PICK,,,1928,103,14,0,1928,-21,24,
FantasyCalcAPI,1503,2133,Davante Adams,WR,LAR,33.4,1928,103,43,2350,4278,-248,24,0.0142
FantasyCalcAPI,9952,10232,Michael Wilson,WR,ARI,26.2,1922,104,44,727,2649,-265,24,0.0115
FantasyCalcAPI,13515,13288,Nicholas Singleton,RB,,,1918,105,34,416,2334,-254,24,0.0114
FantasyCalcAPI,9894,9487,Parker Washington,WR,JAX,24.1,1912,106,45,408,2320,12,24,0.0153
FantasyCalcAPI,12603,12522,Cam Ward,QB,TEN,23.9,1911,107,17,256,2167,0,24,0.0142
FantasyCalcAPI,8259,6819,Michael Pittman,WR,PIT,28.6,1908,108,46,1219,3127,-126,24,0.0113
FantasyCalcAPI,1465,7021,Rico Dowdle,RB,PIT,27.9,1887,109,35,1719,3606,-120,24,0.0122
FantasyCalcAPI,2737,4892,Baker Mayfield,QB,TB,31.1,1843,110,18,678,2521,37,24,0.0081
FantasyCalcAPI,12652,12484,Jayden Higgins,WR,HOU,23.4,1821,111,47,256,2077,-132,25,0.0091
FantasyCalcAPI,4294,7611,Rhamondre Stevenson,RB,NE,28.2,1819,112,36,1647,3466,110,25,0.0083
FantasyCalcAPI,16534,DP_0_11,2026 Pick 1.12,PICK,,,1811,113,15,0,1811,-20,25,
FantasyCalcAPI,6785,8110,Jake Ferguson,TE,DAL,27.3,1803,113,12,566,2369,-6,25,0.0087
FantasyCalcAPI,9838,9758,C.J. Stroud,QB,HOU,24.6,1797,114,19,221,2018,-3,25,0.0104
FantasyCalcAPI,11747,11586,Blake Corum,RB,LAR,25.4,1796,115,37,913,2709,-29,25,0.0095
FantasyCalcAPI,11736,11624,Xavier Worthy,WR,KC,23.0,1795,116,48,207,2002,19,25,0.0102
FantasyCalcAPI,5709,4217,George Kittle,TE,SF,32.6,1795,117,13,1503,3298,-94,25,0.0074
FantasyCalcAPI,7402,8131,Isaiah Likely,TE,NYG,26.0,1791,118,14,417,2208,-131,25,0.013
FantasyCalcAPI,5149,6806,J.K. Dobbins,RB,DEN,27.4,1768,119,38,1328,3096,-45,25,0.0091
FantasyCalcAPI,9863,10222,Jayden Reed,WR,GB,26.0,1764,120,49,501,2265,111,25,0.0111
FantasyCalcAPI,6285,8228,Jaylen Warren,RB,PIT,27.5,1759,121,39,1339,3098,-140,25,0.0083
FantasyCalcAPI,11752,11638,Ricky Pearsall,WR,SF,25.6,1746,122,50,444,2190,-131,25,0.0125
FantasyCalcAPI,8587,3163,Jared Goff,QB,DET,31.6,1744,123,20,584,2328,-39,25,0.0079
FantasyCalcAPI,2419,8121,Romeo Doubs,WR,NE,26.0,1744,124,51,486,2230,-169,25,0.0113
FantasyCalcAPI,9936,9500,Josh Downs,WR,IND,24.7,1741,125,52,337,2078,117,25,0.0122
FantasyCalcAPI,9819,10236,Dalton Kincaid,TE,BUF,26.5,1713,126,15,400,2113,-81,25,0.0079
FantasyCalcAPI,16553,DP_1_0,2026 Pick 2.01,PICK,,,1708,127,16,0,1708,-20,25,
FantasyCalcAPI,11725,11583,Jonathon Brooks,RB,CAR,22.8,1708,127,40,343,2051,65,25,0.0112
FantasyCalcAPI,13453,13311,Chris Bell,WR,,,1685,128,53,102,1787,-53,26,0.0115
FantasyCalcAPI,13435,13268,Elijah Sarratt,WR,,,1681,129,54,101,1782,-103,26,0.0115
FantasyCalcAPI,2463,5947,Jakobi Meyers,WR,JAX,29.5,1665,130,55,925,2590,-44,26,0.0076
FantasyCalcAPI,11754,11618,Jalen McMillan,WR,TB,24.4,1649,131,56,236,1885,-44,26,0.0075
FantasyCalcAPI,6408,8132,Tyler Allgeier,RB,ARI,26.0,1641,132,41,758,2399,-354,26,0.0222
FantasyCalcAPI,9879,9754,Quentin Johnston,WR,LAC,24.6,1619,133,57,238,1857,-191,26,0.009
FantasyCalcAPI,16554,DP_1_1,2026 Pick 2.02,PICK,,,1615,134,17,0,1615,-19,26,
FantasyCalcAPI,13464,13353,Chris Brazzell,WR,,,1615,134,58,80,1695,-41,26,0.0115
FantasyCalcAPI,12686,12545,Tyler Shough,QB,NO,26.6,1602,135,21,194,1796,-128,26,0.0185
FantasyCalcAPI,12697,12533,Jacory Croskey-Merritt,RB,WAS,25.1,1601,136,42,527,2128,80,26,0.0124
FantasyCalcAPI,818,5045,Courtland Sutton,WR,DEN,30.6,1594,137,59,984,2578,-280,26,0.0107
FantasyCalcAPI,4476,7567,Kenneth Gainwell,RB,TB,27.1,1585,138,43,884,2469,-123,26,0.0076
FantasyCalcAPI,9948,9480,Brenton Strange,TE,JAX,25.3,1579,139,16,194,1773,6,26,0.0083
FantasyCalcAPI,13556,13405,Kaytron Allen,RB,,,1571,140,44,172,1743,740,26,0.0081
FantasyCalcAPI,407,5967,Tony Pollard,RB,TEN,29.0,1570,141,45,1255,2825,-9,26,0.0108
FantasyCalcAPI,5469,8408,Jordan Mason,RB,MIN,26.9,1566,142,46,801,2367,0,26,0.0082
FantasyCalcAPI,3544,5849,Kyler Murray,QB,MIN,28.7,1556,143,22,251,1807,-24,27,0.0125
FantasyCalcAPI,2187,8136,Rachaad White,RB,WAS,27.3,1544,144,47,831,2375,-48,27,0.0105
FantasyCalcAPI,16555,DP_1_2,2026 Pick 2.03,PICK,,,1532,145,18,0,1532,-19,27,
FantasyCalcAPI,13496,13320,Zachariah Branch,WR,,,1516,145,60,48,1564,-214,27,0.0114
FantasyCalcAPI,8007,4943,Sam Darnold,QB,SEA,28.9,1512,146,23,227,1739,-146,27,0.0101
FantasyCalcAPI,9693,FP_2027_2,2027 2nd,PICK,,,1506,147,19,0,1506,-4,27,
FantasyCalcAPI,13516,13274,Germie Bernard,WR,,,1491,147,61,41,1532,-92,27,0.0113
FantasyCalcAPI,9944,9228,Bryce Young,QB,CAR,24.8,1485,148,24,93,1578,-23,27,0.0107
FantasyCalcAPI,8215,5844,T.J. Hockenson,TE,MIN,28.8,1469,149,17,379,1848,50,27,0.0076
FantasyCalcAPI,2505,4037,Chris Godwin,WR,TB,30.2,1462,150,62,648,2110,-230,27,0.0075
FantasyCalcAPI,16556,DP_1_3,2026 Pick 2.04,PICK,,,1458,151,20,0,1458,-18,27,
FantasyCalcAPI,6429,6803,Brandon Aiyuk,WR,SF,28.1,1440,151,63,401,1841,-92,28,0.0072
FantasyCalcAPI,12593,12509,Tre' Harris,WR,LAC,24.2,1438,152,64,117,1555,-43,28,0.0073
FantasyCalcAPI,8607,8134,Khalil Shakir,WR,BUF,26.2,1414,153,65,216,1630,-45,28,0.0074
FantasyCalcAPI,11720,11603,AJ Barner,TE,SEA,24.0,1405,154,18,62,1467,9,28,0.0075
FantasyCalcAPI,12638,12469,Dylan Sampson,RB,CLE,21.6,1405,155,48,83,1488,12,28,0.0058
FantasyCalcAPI,3777,8205,Isiah Pacheco,RB,DET,27.2,1403,156,49,552,1955,-13,28,0.006
FantasyCalcAPI,11748,11576,Braelon Allen,RB,NYJ,22.3,1401,157,50,114,1515,144,28,0.0065
FantasyCalcAPI,11783,11646,Jalen Coker,WR,CAR,24.5,1399,158,66,116,1515,-111,28,0.0098
FantasyCalcAPI,9831,10219,Chris Rodriguez,RB,JAX,26.6,1396,159,51,477,1873,-37,28,0.0062
FantasyCalcAPI,12598,12504,Kaleb Johnson,RB,PIT,22.7,1391,160,52,131,1522,6,28,0.0082
FantasyCalcAPI,16557,DP_1_4,2026 Pick 2.05,PICK,,,1389,161,21,0,1389,-18,28,
FantasyCalcAPI,722,8210,Chig Okonkwo,TE,WAS,26.6,1381,161,19,158,1539,-100,28,0.0083
FantasyCalcAPI,5988,5022,Dallas Goedert,TE,PHI,31.3,1372,162,20,479,1851,56,28,0.0066
FantasyCalcAPI,5,5870,Daniel Jones,QB,IND,28.9,1364,163,25,143,1507,-73,28,0.0101
FantasyCalcAPI,13475,13285,Malachi Fields,WR,,,1361,164,67,11,1372,-49,28,0.0111
FantasyCalcAPI,12599,12474,Woody Marks,RB,HOU,25.3,1357,165,53,306,1663,-108,28,0.0103
FantasyCalcAPI,4519,5012,Mark Andrews,TE,BAL,30.7,1356,166,21,409,1765,-53,28,0.0055
FantasyCalcAPI,12642,12498,Mason Taylor,TE,NYJ,22.0,1354,167,22,0,1354,-54,28,0.0082
FantasyCalcAPI,2204,1466,Travis Kelce,TE,KC,36.6,1339,168,23,1057,2396,-133,29,0.0075
FantasyCalcAPI,13523,13293,Ja'Kobi Lane,WR,,,1331,169,68,6,1337,-166,29,0.0112
FantasyCalcAPI,16558,DP_1_5,2026 Pick 2.06,PICK,,,1328,170,22,0,1328,-17,29,
FantasyCalcAPI,13437,13347,Demond Claiborne,RB,,,1323,170,54,70,1393,-322,29,0.0109
FantasyCalcAPI,11758,11589,Trey Benson,RB,ARI,23.8,1321,171,55,156,1477,-201,29,0.0124
FantasyCalcAPI,4174,8154,Brian Robinson,RB,ATL,27.1,1315,172,56,437,1752,-51,29,0.0067
FantasyCalcAPI,2427,6783,Jerry Jeudy,WR,CLE,27.0,1310,173,69,192,1502,-10,29,0.0058
FantasyCalcAPI,13536,13317,Ted Hurst,WR,,,1301,174,70,0,1301,66,29,0.0102
FantasyCalcAPI,9663,FP_2026_2,2026 2nd,PICK,,,1299,175,23,0,1299,-17,29,
FantasyCalcAPI,9723,FP_2028_2,2028 2nd,PICK,,,1297,175,24,0,1297,1,29,
FantasyCalcAPI,13422,13301,Antonio Williams,WR,,,1297,175,71,0,1297,-142,29,0.0107
FantasyCalcAPI,2354,8676,Rashid Shaheed,WR,SEA,27.7,1284,176,72,213,1497,-32,29,0.0057
FantasyCalcAPI,9982,9511,Keaton Mitchell,RB,LAC,24.3,1281,177,57,164,1445,-59,29,0.0064
FantasyCalcAPI,6888,8161,Malik Willis,QB,MIA,26.9,1272,178,26,61,1333,-95,29,0.0182
FantasyCalcAPI,16559,DP_1_6,2026 Pick 2.07,PICK,,,1271,179,25,0,1271,-17,29,
FantasyCalcAPI,9817,9508,Tyjae Spears,RB,TEN,24.9,1258,179,58,184,1442,11,29,0.0065
FantasyCalcAPI,12679,12535,Isaac TeSlaa,WR,DET,24.2,1247,180,73,45,1292,32,30,0.0052
FantasyCalcAPI,4144,4035,Alvin Kamara,RB,NO,30.8,1246,181,59,788,2034,-82,30,0.0066
FantasyCalcAPI,12596,12487,Terrance Ferguson,TE,LAR,23.2,1245,182,24,0,1245,-50,30,0.006
FantasyCalcAPI,3611,421,Matthew Stafford,QB,LAR,38.2,1243,183,27,353,1596,-68,30,0.0107
FantasyCalcAPI,9909,9486,Dontayvion Wicks,WR,GB,24.9,1238,184,74,65,1303,929,30,0.0064
FantasyCalcAPI,12640,12502,Gunnar Helm,TE,TEN,23.6,1234,185,25,6,1240,-87,30,0.0082
FantasyCalcAPI,12123,11655,Tyrone Tracy,RB,NYG,26.4,1223,186,60,271,1494,-5,30,0.0048
FantasyCalcAPI,16560,DP_1_7,2026 Pick 2.08,PICK,,,1219,187,26,0,1219,-17,30,
FantasyCalcAPI,13559,13402,Skyler Bell,WR,,,1214,187,75,0,1214,464,30,0.0078
FantasyCalcAPI,13495,13275,Ty Simpson,QB,,,1195,188,28,0,1195,-8,30,0.0114
FantasyCalcAPI,2382,4199,Aaron Jones,RB,MIN,31.4,1192,189,61,755,1947,-117,30,0.0051
FantasyCalcAPI,13527,13278,Max Klare,TE,,,1191,190,26,0,1191,-134,30,0.011
FantasyCalcAPI,7958,3321,Tyreek Hill,WR,,32.2,1182,191,76,439,1621,-296,30,0.0045
FantasyCalcAPI,11711,11625,Adonai Mitchell,WR,NYJ,23.6,1178,192,77,9,1187,-103,30,0.0054
FantasyCalcAPI,16561,DP_1_8,2026 Pick 2.09,PICK,,,1172,193,27,0,1172,-16,30,
FantasyCalcAPI,7447,4137,James Conner,RB,ARI,31.0,1156,193,62,617,1773,-78,30,0.0062
FantasyCalcAPI,11716,11637,Keon Coleman,WR,BUF,23.0,1146,194,78,0,1146,-60,31,0.0059
FantasyCalcAPI,13477,13300,Le'Veon Moss,RB,,,1144,195,63,14,1158,-149,31,0.0091
FantasyCalcAPI,12693,12540,Chimere Dike,WR,TEN,24.4,1131,196,79,16,1147,-29,31,0.0059
FantasyCalcAPI,16562,DP_1_9,2026 Pick 2.10,PICK,,,1128,197,28,0,1128,-15,31,
FantasyCalcAPI,13417,13302,Adam Randall,RB,,,1118,197,64,8,1126,-284,31,0.0078
FantasyCalcAPI,12637,12497,Tory Horton,WR,SEA,23.4,1112,198,80,0,1112,-79,31,0.0052
FantasyCalcAPI,9950,9502,Tank Dell,WR,HOU,26.5,1106,199,81,67,1173,78,31,0.0051
FantasyCalcAPI,12623,12499,Elic Ayomanor,WR,TEN,22.9,1089,200,82,0,1089,173,31,0.0046
FantasyCalcAPI,11422,11435,Emanuel Wilson,RB,SEA,27.0,1088,201,65,185,1273,-208,31,0.0042
FantasyCalcAPI,9925,9225,Tank Bigsby,RB,PHI,23.7,1087,202,66,45,1132,-248,31,0.0039
FantasyCalcAPI,16563,DP_1_10,2026 Pick 2.11,PICK,,,1086,203,29,0,1086,-15,31,
FantasyCalcAPI,9939,9504,Kayshon Boutte,WR,NE,24.0,1074,203,83,0,1074,-3,31,0.005
FantasyCalcAPI,13511,13348,J'Mari Taylor,RB,,,1063,204,67,0,1063,-108,31,0.008
FantasyCalcAPI,12657,12467,Jordan James,RB,SF,22.1,1060,205,68,0,1060,190,31,0.004
FantasyCalcAPI,11770,11610,Malik Washington,WR,MIA,25.3,1050,206,84,15,1065,-2,31,0.006
FantasyCalcAPI,16564,DP_1_11,2026 Pick 2.12,PICK,,,1048,207,30,0,1048,-14,31,
FantasyCalcAPI,5552,7002,Juwan Johnson,TE,NO,29.6,1020,207,27,86,1106,-44,32,0.0043
FantasyCalcAPI,13554,13401,Michael Trigg,TE,,,1016,208,28,0,1016,534,32,0.0077
FantasyCalcAPI,16583,DP_2_0,2026 Pick 3.01,PICK,,,1012,209,31,0,1012,-15,32,
FantasyCalcAPI,11738,11627,Troy Franklin,WR,DEN,23.2,1007,209,85,0,1007,-349,32,0.0043
FantasyCalcAPI,13547,13333,Deion Burks,WR,,,993,210,86,0,993,-177,32,0.008
FantasyCalcAPI,9694,FP_2027_3,2027 3rd,PICK,,,987,211,32,0,987,-36,32,
FantasyCalcAPI,16584,DP_2_1,2026 Pick 3.02,PICK,,,979,211,33,0,979,-14,32,
FantasyCalcAPI,12713,12547,Kyle Williams,WR,NE,23.5,978,211,87,0,978,-155,32,0.0046
FantasyCalcAPI,12634,12492,Pat Bryant,WR,DEN,23.4,967,212,88,0,967,-224,32,0.0044
FantasyCalcAPI,11739,11559,Michael Penix,QB,ATL,26.0,965,213,29,0,965,-34,32,0.006
FantasyCalcAPI,16585,DP_2_2,2026 Pick 3.03,PICK,,,948,214,34,0,948,-14,32,
FantasyCalcAPI,13431,13380,Brenen Thompson,WR,,,944,214,89,0,944,-280,32,0.0067
FantasyCalcAPI,9724,FP_2028_3,2028 3rd,PICK,,,921,215,35,0,921,-7,33,
FantasyCalcAPI,16586,DP_2_3,2026 Pick 3.04,PICK,,,919,215,36,0,919,-13,33,
FantasyCalcAPI,13482,13354,Eric McAlister,WR,,,895,215,90,0,895,-257,33,0.0065
FantasyCalcAPI,16587,DP_2_4,2026 Pick 3.05,PICK,,,892,216,37,0,892,-13,33,
FantasyCalcAPI,13555,13403,Jam Miller,RB,,,882,216,69,0,882,462,33,0.0059
FantasyCalcAPI,6092,6768,Tua Tagovailoa,QB,ATL,28.2,879,217,30,0,879,-31,33,0.0065
FantasyCalcAPI,13428,13282,Jack Endries,TE,,,878,218,29,0,878,-183,33,0.0077
FantasyCalcAPI,12616,12495,Ollie Gordon,RB,MIA,22.3,876,219,70,0,876,-144,33,0.0035
FantasyCalcAPI,12626,12483,Jack Bech,WR,LV,23.4,871,220,91,0,871,-145,33,0.0041
FantasyCalcAPI,11740,11565,J.J. McCarthy,QB,MIN,23.3,869,221,31,0,869,-71,33,0.0054
FantasyCalcAPI,12710,12536,Jaylin Noel,WR,HOU,23.7,868,222,92,0,868,-220,33,0.0037
FantasyCalcAPI,12587,12524,Shedeur Sanders,QB,CLE,24.2,867,223,32,0,867,-69,33,0.0067
FantasyCalcAPI,16588,DP_2_5,2026 Pick 3.06,PICK,,,866,224,38,0,866,-13,33,
FantasyCalcAPI,13539,13338,Kevin Coleman,WR,,,862,224,93,0,862,317,33,0.0061
FantasyCalcAPI,6513,4033,David Njoku,TE,,29.8,861,225,30,17,878,-183,33,0.003
FantasyCalcAPI,3629,8180,Jalen Nailor,WR,LV,27.2,860,226,94,0,860,-121,33,0.0038
FantasyCalcAPI,13530,13319,Oscar Delp,TE,,,859,227,31,0,859,0,33,0.0069
FantasyCalcAPI,9664,FP_2026_3,2026 3rd,PICK,,,854,228,39,0,854,-12,33,
FantasyCalcAPI,16589,DP_2_6,2026 Pick 3.07,PICK,,,842,228,40,0,842,-12,33,
FantasyCalcAPI,2631,7049,Jauan Jennings,WR,,28.8,837,228,95,15,852,-354,33,0.0029
FantasyCalcAPI,2042,3257,Jacoby Brissett,QB,ARI,33.4,820,229,33,0,820,-60,34,0.0076
FantasyCalcAPI,16590,DP_2_7,2026 Pick 3.08,PICK,,,818,230,41,0,818,-12,34,
FantasyCalcAPI,3214,2449,Stefon Diggs,WR,,32.4,801,230,96,75,876,-107,34,0.0037
FantasyCalcAPI,16591,DP_2_8,2026 Pick 3.09,PICK,,,796,231,42,0,796,-12,34,
FantasyCalcAPI,675,3214,Hunter Henry,TE,NE,31.4,788,231,32,16,804,-42,34,0.0033
FantasyCalcAPI,9695,FP_2027_4,2027 4th,PICK,,,781,232,43,0,781,29,34,
FantasyCalcAPI,11790,11647,Kimani Vidal,RB,LAC,24.7,778,232,71,0,778,-156,34,0.0032
FantasyCalcAPI,16592,DP_2_9,2026 Pick 3.10,PICK,,,775,233,44,0,775,-12,34,
FantasyCalcAPI,2021,8111,Cade Otton,TE,TB,27.0,766,233,33,0,766,-125,34,0.0033
FantasyCalcAPI,3676,8698,Jake Tonges,TE,SF,26.8,763,234,34,0,763,-152,34,0.0037
FantasyCalcAPI,16593,DP_2_10,2026 Pick 3.11,PICK,,,756,235,45,0,756,-11,34,
FantasyCalcAPI,2495,5872,Deebo Samuel,WR,,30.3,749,235,97,8,757,-361,34,0.0026
FantasyCalcAPI,13552,13400,Justin Joly,TE,,,748,236,35,0,748,364,34,0.0054
FantasyCalcAPI,16594,DP_2_11,2026 Pick 3.12,PICK,,,737,237,46,0,737,-11,35,
FantasyCalcAPI,4655,5001,Dalton Schultz,TE,HOU,29.8,737,237,36,0,737,-148,35,0.003
FantasyCalcAPI,9725,FP_2028_4,2028 4th,PICK,,,735,238,47,0,735,-9,35,
FantasyCalcAPI,13426,13270,CJ Daniels,WR,,,733,238,98,0,733,-368,35,0.0039
FantasyCalcAPI,6305,1373,Geno Smith,QB,NYJ,35.6,724,239,34,0,724,-53,35,0.0098
FantasyCalcAPI,9873,10213,Tre Tucker,WR,LV,25.1,722,240,99,0,722,-78,35,0.0033
FantasyCalcAPI,13478,13277,CJ Donaldson,RB,,,720,241,72,0,720,-372,35,0.0032
FantasyCalcAPI,16613,DP_3_0,2026 Pick 4.01,PICK,,,719,242,48,0,719,-11,35,
FantasyCalcAPI,11781,11643,Jaylen Wright,RB,MIA,23.1,719,242,73,0,719,34,35,0.0031
FantasyCalcAPI,16614,DP_3_1,2026 Pick 4.02,PICK,,,702,243,49,0,702,-11,35,
FantasyCalcAPI,16615,DP_3_2,2026 Pick 4.03,PICK,,,686,243,50,0,686,-11,35,
FantasyCalcAPI,13558,13404,Garrett Nussmeier,QB,,,683,243,35,0,683,437,35,0.0075
FantasyCalcAPI,16616,DP_3_3,2026 Pick 4.04,PICK,,,671,244,51,0,671,-10,35,
FantasyCalcAPI,13540,13322,Sam Roush,TE,,,666,244,37,0,666,79,35,0.0049
FantasyCalcAPI,7191,7591,Justin Fields,QB,KC,27.2,666,245,36,0,666,-80,35,0.0052
FantasyCalcAPI,16617,DP_3_4,2026 Pick 4.05,PICK,,,656,246,52,0,656,-10,35,
FantasyCalcAPI,16618,DP_3_5,2026 Pick 4.06,PICK,,,642,246,53,0,642,-10,36,
FantasyCalcAPI,12618,12476,Devin Neal,RB,NO,22.7,642,246,74,0,642,20,36,0.0029
FantasyCalcAPI,11749,11597,Theo Johnson,TE,NYG,25.2,642,247,38,0,642,-324,36,0.0027
FantasyCalcAPI,12655,12503,Isaiah Bond,WR,CLE,22.1,640,248,100,0,640,-209,36,0.0031
FantasyCalcAPI,9665,FP_2026_4,2026 4th,PICK,,,635,249,54,0,635,-10,36,
FantasyCalcAPI,9931,9482,Michael Mayer,TE,LV,24.8,632,249,39,0,632,19,36,0.003
FantasyCalcAPI,536,1166,Kirk Cousins,QB,,37.7,630,250,37,0,630,426,36,0.0079
FantasyCalcAPI,16619,DP_3_6,2026 Pick 4.07,PICK,,,629,251,55,0,629,-10,36,
FantasyCalcAPI,9915,9506,Sean Tucker,RB,TB,24.5,624,251,75,0,624,-279,36,0.0024
FantasyCalcAPI,12650,12521,Elijah Arroyo,TE,SEA,23.1,623,252,40,0,623,5,36,0.0027
FantasyCalcAPI,41,4981,Calvin Ridley,WR,TEN,31.4,620,253,101,0,620,0,36,0.0027
FantasyCalcAPI,16620,DP_3_7,2026 Pick 4.08,PICK,,,616,254,56,0,616,-9,36,
FantasyCalcAPI,12622,12457,Jaydon Blue,RB,DAL,22.3,608,254,76,0,608,-309,36,0.0024
FantasyCalcAPI,2550,7600,Pat Freiermuth,TE,PIT,27.5,608,255,41,0,608,-76,36,0.0024
FantasyCalcAPI,16621,DP_3_8,2026 Pick 4.09,PICK,,,603,256,57,0,603,-10,36,
FantasyCalcAPI,12591,12455,Brashard Smith,RB,KC,23.1,602,256,77,0,602,-114,36,0.0028
FantasyCalcAPI,16622,DP_3_9,2026 Pick 4.10,PICK,,,591,257,58,0,591,-10,36,
FantasyCalcAPI,12667,12485,Tez Johnson,WR,TB,24.0,589,257,102,0,589,-241,36,0.0027
FantasyCalcAPI,13448,13272,Carson Beck,QB,,,583,258,38,0,583,-162,36,0.0095
FantasyCalcAPI,3901,7090,Darnell Mooney,WR,NYG,28.5,581,259,103,0,581,-211,36,0.0024
FantasyCalcAPI,16623,DP_3_10,2026 Pick 4.11,PICK,,,580,260,59,0,580,-9,36,
FantasyCalcAPI,12706,12541,Dont'e Thornton,WR,LV,23.4,577,260,104,0,577,-180,36,0.0028
FantasyCalcAPI,12656,12471,DJ Giddens,RB,IND,22.7,573,261,78,0,573,-175,36,0.0022
FantasyCalcAPI,16624,DP_3_11,2026 Pick 4.12,PICK,,,569,262,60,0,569,-9,36,
FantasyCalcAPI,13476,13392,Jeff Caldwell,WR,,,556,262,105,0,556,91,36,0.0028
FantasyCalcAPI,3568,4017,Deshaun Watson,QB,CLE,30.6,551,263,39,0,551,198,36,0.0041
FantasyCalcAPI,13462,13307,Marlin Klein,TE,,,549,264,42,0,549,-238,36,0.0032
FantasyCalcAPI,6814,7527,Mac Jones,QB,SF,27.7,549,265,40,0,549,-158,36,0.0033
FantasyCalcAPI,8090,4950,Christian Kirk,WR,SF,29.5,539,266,106,0,539,87,37,0.0025
FantasyCalcAPI,3648,4066,Evan Engram,TE,DEN,31.7,539,267,43,0,539,-92,37,0.0026
FantasyCalcAPI,9951,9229,Anthony Richardson,QB,IND,23.9,534,268,41,0,534,-90,37,0.0037
FantasyCalcAPI,13494,13394,Josh Cameron,WR,,,533,269,107,0,533,-192,37,0.0026
FantasyCalcAPI,11718,11626,Xavier Legette,WR,CAR,25.3,525,270,108,0,525,14,37,0.0028
FantasyCalcAPI,13535,13306,Taylen Green,QB,,,524,271,42,0,524,-99,37,0.0072
FantasyCalcAPI,12619,12511,Will Howard,QB,PIT,24.6,518,272,43,0,518,235,37,0.0041
FantasyCalcAPI,13507,13336,Dane Key,WR,,,513,273,109,0,513,-246,37,0.0022
FantasyCalcAPI,13430,13318,Noah Thomas,WR,,,511,274,110,0,511,-312,37,0.0023
FantasyCalcAPI,12714,12544,LeQuint Allen,RB,JAX,21.7,503,275,79,0,503,-87,37,0.0021
FantasyCalcAPI,11699,11575,Ray Davis,RB,BUF,26.5,502,276,80,0,502,2,37,0.0022
FantasyCalcAPI,13538,13289,Drew Allar,QB,,,501,277,44,0,501,-23,37,0.007
FantasyCalcAPI,13499,13303,Cade Klubnik,QB,,,473,278,45,0,473,155,37,0.0065
FantasyCalcAPI,11729,11581,MarShawn Lloyd,RB,GB,25.3,465,279,81,0,465,160,37,0.0022
FantasyCalcAPI,3950,5848,Marquise Brown,WR,PHI,28.9,462,280,111,0,462,-16,37,0.0024
FantasyCalcAPI,9955,9494,Marvin Mims,WR,DEN,24.1,461,281,112,0,461,-120,37,0.002
FantasyCalcAPI,4578,4018,Joe Mixon,RB,,29.8,459,282,82,0,459,-41,37,0.0017
FantasyCalcAPI,13534,13327,Desmond Reid,RB,,,451,283,83,0,451,67,37,0.0017
FantasyCalcAPI,12703,12531,Trevor Etienne,RB,CAR,21.8,451,284,84,0,451,41,37,0.0019
FantasyCalcAPI,6289,6865,Colby Parkinson,TE,LAR,27.3,449,285,44,0,449,-73,37,0.0022
FantasyCalcAPI,715,96,Aaron Rodgers,QB,,42.4,443,286,46,0,443,73,37,0.0035
FantasyCalcAPI,7252,7528,Najee Harris,RB,,28.1,440,287,85,0,440,-381,37,0.0014
FantasyCalcAPI,13471,13309,Aaron Anderson,WR,,,402,288,113,0,402,-217,38,0.0016
FantasyCalcAPI,11714,11600,Ja'Tavion Sanders,TE,CAR,23.1,401,289,45,0,401,52,38,0.0023
FantasyCalcAPI,5586,4039,Cooper Kupp,WR,SEA,32.9,385,290,114,0,385,-86,38,0.0017
FantasyCalcAPI,13457,13335,Cole Payton,QB,,,379,291,47,0,379,42,38,0.0047
FantasyCalcAPI,13533,13329,Malik Benson,WR,,,368,292,115,0,368,29,38,0.0016
FantasyCalcAPI,13436,13284,Dylan Devezin,RB,,,359,293,86,0,359,-284,38,0.0013
FantasyCalcAPI,2144,8117,Jalen Tolbert,WR,MIA,27.2,359,294,116,0,359,34,38,0.0019
FantasyCalcAPI,12665,12510,Jalen Milroe,QB,SEA,23.4,352,295,48,0,352,46,38,0.0026
FantasyCalcAPI,11746,11596,Ben Sinnott,TE,WAS,23.9,345,296,46,0,345,-25,38,0.0018
FantasyCalcAPI,3550,8172,Greg Dulcich,TE,MIA,26.1,343,297,47,0,343,85,38,0.0018
FantasyCalcAPI,4857,6826,Cole Kmet,TE,CHI,27.1,341,298,48,0,341,-48,38,0.0017
FantasyCalcAPI,13518,13315,Dean Connors,RB,,,340,299,87,0,340,-28,38,0.0013
FantasyCalcAPI,13508,13297,Reggie Virgil,WR,,,328,300,117,0,328,40,39,0.0013
FantasyCalcAPI,13440,13342,John Michael Gyllenborg,TE,,,327,301,49,0,327,12,39,0.0015
FantasyCalcAPI,11767,11571,Isaiah Davis,RB,NYJ,24.2,318,302,88,0,318,-33,39,0.0015
FantasyCalcAPI,13510,13316,Eric Rivers,WR,,,316,303,118,0,316,-137,39,0.0012
FantasyCalcAPI,7410,7571,Rashod Bateman,WR,BAL,26.4,316,304,119,0,316,-15,39,0.0015
FantasyCalcAPI,13549,13283,Hollywood Smothers,RB,,,315,305,89,0,315,-189,39,0.0011
FantasyCalcAPI,7169,8119,Jahan Dotson,WR,ATL,26.1,308,306,120,0,308,34,39,0.0016
FantasyCalcAPI,7291,4993,Mike Gesicki,TE,CIN,30.6,279,307,50,0,279,118,39,0.0013
FantasyCalcAPI,9960,9757,Kendre Miller,RB,NO,23.9,278,308,90,0,278,-3,39,0.0012
FantasyCalcAPI,12688,12543,Tahj Brooks,RB,CIN,24.0,275,309,91,0,275,51,39,0.0012
FantasyCalcAPI,12671,12505,Jalen Royals,WR,KC,23.2,275,310,121,0,275,-30,39,0.0013
FantasyCalcAPI,9904,10444,Cedric Tillman,WR,CLE,26.0,267,311,122,0,267,-118,39,0.0011
FantasyCalcAPI,13419,13323,Rahsul Faison,RB,,,257,312,92,0,257,-53,39,0.0009
FantasyCalcAPI,11873,11783,Ryan Flournoy,WR,DAL,26.5,254,313,123,0,254,26,39,0.0012
FantasyCalcAPI,12946,12641,Jaylin Lane,WR,WAS,24.0,233,314,124,0,233,-19,40,0.0012
FantasyCalcAPI,13427,13273,Josh Cuevas,TE,,,232,315,51,0,232,-119,40,0.001
FantasyCalcAPI,13472,13356,Trebor Pena,WR,,,224,316,125,0,224,-203,40,0.0009
FantasyCalcAPI,13537,13350,Joe Fagnano,QB,,,223,317,49,0,223,-144,40,0.0018
FantasyCalcAPI,11789,11651,Isaac Guerendo,RB,SF,25.8,217,318,93,0,217,-7,40,0.001
FantasyCalcAPI,12613,12470,Riley Leonard,QB,IND,23.6,216,319,50,0,216,-40,40,0.0017
FantasyCalcAPI,13451,13296,Caleb Douglas,WR,,,211,320,126,0,211,214,40,0.0009
FantasyCalcAPI,5156,5995,Justice Hill,RB,BAL,28.5,210,321,94,0,210,30,40,0.001
FantasyCalcAPI,3812,8147,John Metchie,WR,CAR,25.8,208,322,127,0,208,-88,40,0.001
FantasyCalcAPI,11908,11834,Devaughn Vele,WR,NO,28.4,207,323,128,0,207,-157,40,0.0007
FantasyCalcAPI,9840,9501,DeMario Douglas,WR,NE,25.4,206,324,129,0,206,-27,40,0.0009
FantasyCalcAPI,1334,1479,Keenan Allen,WR,,34.0,204,325,130,0,204,-143,40,0.0007
FantasyCalcAPI,4611,7607,Michael Carter,RB,,27.0,203,326,95,0,203,203,40,0.0006
FantasyCalcAPI,9923,9479,Darnell Washington,TE,PIT,24.7,201,327,52,0,201,-48,40,0.001
FantasyCalcAPI,324,1339,Zach Ertz,TE,,35.5,191,328,53,0,191,-47,40,0.0006
FantasyCalcAPI,4996,8125,Calvin Austin,WR,NYG,27.1,190,329,131,0,190,-64,40,0.0008
FantasyCalcAPI,11170,11199,Emari Demercado,RB,KC,27.3,186,330,96,0,186,-11,40,0.0008
FantasyCalcAPI,11750,11630,Roman Wilson,WR,PIT,24.9,185,331,132,0,185,23,40,0.001
FantasyCalcAPI,11700,11619,Ja'Lynn Polk,WR,NO,24.1,183,332,133,0,183,-53,40,0.0008
FantasyCalcAPI,13438,13331,Dae'Quan Wright,TE,,,181,333,54,0,181,184,40,0.0009
FantasyCalcAPI,2323,19,Joe Flacco,QB,,41.3,180,334,51,0,180,-122,40,0.0016
FantasyCalcAPI,7818,2307,Marcus Mariota,QB,WAS,32.5,176,335,52,0,176,-52,40,0.0012
FantasyCalcAPI,12648,12500,Quinn Ewers,QB,MIA,23.1,176,336,53,0,176,-71,40,0.0011
FantasyCalcAPI,11788,11650,Luke McCaffrey,WR,WAS,25.1,176,337,134,0,176,44,40,0.0008
FantasyCalcAPI,11776,11579,Audric Estime,RB,NO,22.6,173,338,97,0,173,5,40,0.0006
FantasyCalcAPI,12602,12482,Savion Williams,WR,GB,24.4,152,339,135,0,152,40,41,0.0007
FantasyCalcAPI,865,7828,Noah Gray,TE,KC,27.0,151,340,55,0,151,-38,41,0.0008
FantasyCalcAPI,4185,4144,Jonnu Smith,TE,,30.7,142,341,56,0,142,67,41,0.0007
FantasyCalcAPI,1787,5906,Dawson Knox,TE,BUF,29.5,141,342,57,0,141,50,41,0.0006
FantasyCalcAPI,3732,8122,Zonovan Knight,RB,ARI,25.1,138,343,98,0,138,61,41,0.0004
FantasyCalcAPI,11772,11557,Joe Milton,QB,DAL,26.2,137,344,54,0,137,-44,41,0.0012
FantasyCalcAPI,8319,8143,Jerome Ford,RB,WAS,26.6,137,345,99,0,137,-116,41,0.0006
FantasyCalcAPI,794,2306,Jameis Winston,QB,NYG,32.3,135,346,55,0,135,56,41,0.0011
FantasyCalcAPI,11707,11569,Jarquez Hunter,RB,LAR,23.3,126,347,100,0,126,-226,41,0.0005
FantasyCalcAPI,9856,9481,Luke Musgrave,TE,GB,25.7,125,348,58,0,125,-1,41,0.0005
FantasyCalcAPI,9959,10226,Andrei Iosivas,WR,CIN,26.5,123,349,136,0,123,16,41,0.0005
FantasyCalcAPI,4485,2505,Darren Waller,TE,,33.6,120,350,59,0,120,-75,41,0.0004
FantasyCalcAPI,11408,11256,Tyson Bagent,QB,CHI,25.9,114,351,56,0,114,31,41,0.0009
FantasyCalcAPI,11719,11562,Spencer Rattler,QB,NO,25.6,111,352,57,0,111,11,41,0.0009
FantasyCalcAPI,8347,6130,Devin Singletary,RB,NYG,28.7,110,353,101,0,110,-93,41,0.0003
FantasyCalcAPI,6028,6149,Darius Slayton,WR,NYG,29.3,108,354,137,0,108,-60,41,0.0004
FantasyCalcAPI,9901,9999,Will Levis,QB,TEN,26.8,104,355,58,0,104,13,41,0.0009
FantasyCalcAPI,12600,12523,Jimmy Horn,WR,CAR,23.6,104,356,138,0,104,62,41,0.0005
FantasyCalcAPI,1246,7585,Davis Mills,QB,HOU,27.5,102,357,59,0,102,5,41,0.0008
FantasyCalcAPI,9854,10218,Xavier Hutchinson,WR,HOU,25.9,102,358,139,0,102,4,41,0.0006
FantasyCalcAPI,9850,10216,Kenny McIntosh,RB,SEA,26.2,101,359,102,0,101,-25,41,0.0005
FantasyCalcAPI,7783,6011,Gardner Minshew,QB,ARI,30.0,98,360,60,0,98,-90,41,0.0006
FantasyCalcAPI,13019,12670,KeAndre Lambert-Smith,WR,LAC,24.5,95,361,140,0,95,50,41,0.0005
FantasyCalcAPI,3596,4177,Mack Hollins,WR,NE,32.6,92,362,141,0,92,-12,41,0.0004
FantasyCalcAPI,12166,12048,George Holani,RB,SEA,26.4,88,363,103,0,88,25,42,0.0005
FantasyCalcAPI,2373,8135,Treylon Burks,WR,WAS,26.1,88,364,142,0,88,36,42,0.0004
FantasyCalcAPI,5467,3271,Tyler Higbee,TE,LAR,33.3,81,365,60,0,81,-54,42,0.0004
FantasyCalcAPI,11761,11592,Erick All,TE,CIN,25.6,80,366,61,0,80,81,42,0.0009
FantasyCalcAPI,5858,8188,Tyquan Thornton,WR,KC,25.7,78,367,143,0,78,-76,42,0.0004
FantasyCalcAPI,7376,7587,Dyami Brown,WR,WAS,26.5,78,368,144,0,78,-21,42,0.0005
FantasyCalcAPI,2677,5857,Noah Fant,TE,NO,28.4,78,369,62,0,78,-1,42,0.0004
FantasyCalcAPI,1310,8800,Malik Davis,RB,DAL,27.4,76,370,104,0,76,76,42,0.0004
FantasyCalcAPI,4875,7610,Trey Lance,QB,LAC,26.0,72,371,61,0,72,-24,42,0.0005
FantasyCalcAPI,9940,9230,Tanner McKee,QB,PHI,26.0,65,372,62,0,65,12,42,0.0006
FantasyCalcAPI,12646,12486,Dillon Gabriel,QB,CLE,25.3,64,373,63,0,64,-26,42,0.0005
FantasyCalcAPI,4302,8917,KaVontae Turpin,WR,DAL,29.7,63,374,145,0,63,-20,42,0.0003
FantasyCalcAPI,2308,7670,Joshua Palmer,WR,BUF,26.6,61,375,146,0,61,52,42,0.0003
FantasyCalcAPI,11676,11439,Jaleel McLaughlin,RB,DEN,25.6,58,376,105,0,58,4,42,0.0003
FantasyCalcAPI,607,6039,Ty Johnson,RB,BUF,28.6,47,377,106,0,47,47,42,0.0003
FantasyCalcAPI,12676,12542,Efton Chism,WR,NE,24.5,47,378,147,0,47,-3,42,0.0003
FantasyCalcAPI,5730,8160,Kenny Pickett,QB,CAR,27.9,45,379,64,0,45,-13,42,0.0003
FantasyCalcAPI,11743,11577,Will Shipley,RB,PHI,23.7,44,380,107,0,44,-58,42,0.0003
FantasyCalcAPI,3463,4147,Samaje Perine,RB,CIN,30.6,41,381,108,0,41,-16,42,0.0002
FantasyCalcAPI,11721,11623,Jordan Whittington,WR,LAR,25.6,37,382,148,0,37,-10,42,0.0003
FantasyCalcAPI,12826,12718,Konata Mumpfield,WR,LAR,23.5,36,383,149,0,36,37,42,0.0004
FantasyCalcAPI,2030,829,Andy Dalton,QB,PHI,38.5,33,384,65,0,33,-32,42,0.0003
FantasyCalcAPI,2752,8225,Daniel Bellinger,TE,TEN,25.6,32,385,63,0,32,6,42,0.0005
FantasyCalcAPI,13156,12738,Phil Mafah,RB,DAL,23.5,29,386,109,0,29,-16,43,0.0002
FantasyCalcAPI,11695,11599,Cade Stover,TE,HOU,25.9,27,387,64,0,27,28,43,0.0003
FantasyCalcAPI,12983,13079,Jahdae Walker,WR,CHI,23.8,26,388,150,0,26,-95,43,0.0002
FantasyCalcAPI,3004,7083,Tyler Huntley,QB,BAL,28.2,22,389,66,0,22,-53,43,0.0002
FantasyCalcAPI,2245,2078,Odell Beckham,WR,,33.5,21,390,151,0,21,22,43,0.0003
FantasyCalcAPI,12614,12473,Mitchell Evans,TE,CAR,23.1,20,391,65,0,20,9,43,0.0003
FantasyCalcAPI,12641,12472,Raheim Sanders,RB,CLE,23.9,20,392,110,0,20,20,43,0.0002
FantasyCalcAPI,11653,11370,Chris Brooks,RB,GB,26.3,19,393,111,0,19,19,43,0.0003
FantasyCalcAPI,12633,12462,Damien Martinez,RB,GB,22.2,13,394,112,0,13,13,43,0.0002
FantasyCalcAPI,8210,8162,Sam Howell,QB,DAL,25.6,11,395,67,0,11,12,43,0.0002
FantasyCalcAPI,11744,11617,Malachi Corley,WR,CLE,24.1,11,396,152,0,11,12,43,0.0002
FantasyCalcAPI,6731,7538,Zach Wilson,QB,,26.7,10,397,68,0,10,11,43,0.0002
FantasyCalcAPI,205,6271,Olamide Zaccheaus,WR,ATL,28.8,5,398,153,0,5,-57,43,0.0002
