sleeper_id,value_8,sf_value_8,value_10,sf_value_10,value_12,sf_value_12,value_14,sf_value_14
9221,11277,10367,11369,10451,11250,10342,11241,10334
9509,11116,10220,11206,10303,11089,10195,11080,10187
7564,9527,9553,9628,9654,9684,9710,9785,9811
9488,8600,8623,8690,8714,8741,8765,8832,8856
9493,7956,7977,8040,8061,8087,8108,8171,8192
12527,7388,6791,7448,6847,7370,6775,7364,6770
7547,7387,7407,7465,7485,7509,7529,7587,7607
13287,7213,6632,7272,6686,7196,6616,7190,6611
11604,7031,7708,7054,7733,7095,7778,7204,7898
DP_0_0,6878,7276,6791,7184,6771,7163,6701,7089
9226,6806,6257,6862,6308,6790,6242,6785,6237
6794,6666,6684,6737,6755,6776,6794,6847,6865
12507,6332,5821,6384,5868,6317,5807,6312,5802
6786,6298,6315,6365,6382,6402,6419,6469,6486
11632,6290,6307,6357,6374,6394,6411,6461,6478
6813,6004,5519,6053,5564,5990,5506,5985,5501
8130,5603,6142,5621,6162,5654,6198,5741,6293
8138,5537,5091,5582,5133,5524,5079,5519,5075
8112,5293,5308,5349,5364,5380,5395,5436,5451
4984,5154,9663,5342,10016,5519,10347,5553,10410
4034,4914,4518,4954,4554,4902,4507,4898,4503
9224,4769,4384,4808,4420,4758,4374,4754,4370
8151,4720,4339,4759,4375,4709,4329,4705,4325
8137,4692,4703,4741,4753,4769,4781,4818,4831
12517,4674,5124,4690,5141,4717,5171,4789,5250
12526,4454,4465,4501,4512,4527,4539,4574,4586
FP_2027_early_0,4405,4606,4350,4548,4337,4535,4292,4488
12514,4351,4363,4397,4409,4423,4435,4469,4481
DP_0_1,4332,4949,4278,4886,4265,4872,4221,4821
11564,4268,8004,4425,8297,4571,8571,4599,8623
13279,4232,4243,4277,4288,4302,4313,4347,4358
7569,4224,4235,4269,4280,4294,4305,4339,4350
8155,4215,3875,4249,3907,4205,3866,4201,3863
8144,4193,4205,4237,4249,4262,4274,4306,4318
12518,4157,4556,4171,4571,4195,4598,4259,4668
12512,4100,3769,4133,3799,4090,3760,4087,3757
4866,4062,3735,4096,3765,4053,3726,4050,3723
8146,3961,3971,4002,4013,4026,4037,4068,4079
11635,3869,3880,3910,3921,3933,3944,3974,3985
5859,3810,3821,3850,3861,3873,3884,3913,3924
DP_0_2,3786,4417,3738,4362,3727,4349,3688,4304
9997,3690,3700,3729,3739,3751,3761,3790,3800
7525,3690,3700,3729,3739,3751,3761,3790,3800
4881,3672,6885,3806,7137,3932,7373,3956,7418
10229,3635,3645,3673,3683,3695,3705,3733,3743
12529,3616,3325,3646,3352,3608,3317,3605,3314
11560,3603,6756,3734,7003,3858,7234,3881,7278
12519,3576,3586,3614,3624,3635,3645,3673,3683
8150,3521,3237,3550,3264,3513,3230,3510,3227
3198,3505,3222,3534,3249,3497,3215,3494,3212
DP_0_3,3478,3992,3434,3941,3424,3930,3388,3889
7588,3470,3190,3498,3216,3462,3183,3459,3180
11584,3468,3188,3496,3214,3460,3181,3457,3178
13286,3458,3179,3486,3205,3450,3172,3447,3169
11566,3432,6434,3557,6670,3675,6890,3697,6932
12481,3420,3144,3448,3170,3412,3137,3409,3134
6801,3404,3413,3440,3449,3460,3469,3496,3505
13281,3385,3395,3421,3431,3441,3451,3477,3487
6770,3361,6302,3484,6532,3599,6748,3621,6789
DP_0_4,3220,3658,3179,3611,3170,3601,3137,3563
11620,3220,3229,3254,3263,3273,3282,3307,3316
5850,3127,2875,3153,2898,3120,2868,3117,2865
11628,3106,3113,3138,3146,3157,3165,3190,3198
7526,3089,3098,3121,3130,3140,3149,3172,3182
DP_0_5,3045,3352,3007,3310,2998,3300,2967,3266
9484,2978,3264,2987,3275,3005,3294,3051,3344
13294,2954,2962,2985,2993,3003,3011,3034,3042
11631,2937,2945,2968,2976,2986,2994,3017,3025
FP_2026_1,2931,3167,2894,3127,2886,3118,2856,3085
6797,2920,5475,3027,5675,3127,5863,3146,5899
FP_2027_mid_0,2901,3033,2864,2995,2856,2986,2826,2955
8148,2857,2864,2887,2894,2904,2911,2934,2941
12490,2854,2624,2878,2645,2848,2618,2845,2616
7543,2852,2622,2876,2643,2846,2616,2843,2614
10859,2846,3119,2855,3129,2872,3148,2916,3196
DP_0_6,2816,2981,2781,2943,2773,2935,2744,2904
FP_2027_1,2801,2929,2766,2892,2758,2884,2729,2854
12506,2790,3059,2799,3069,2816,3087,2859,3134
7553,2710,2972,2719,2981,2735,2999,2777,3045
6904,2677,5020,2775,5204,2867,5376,2884,5409
4046,2658,4984,2756,5166,2847,5337,2864,5369
DP_0_7,2620,2767,2587,2732,2580,2724,2553,2695
13298,2584,2591,2611,2618,2627,2634,2654,2661
7523,2555,4791,2648,4966,2736,5130,2752,5161
6790,2521,2317,2541,2336,2515,2312,2513,2310
9487,2486,2493,2512,2519,2527,2534,2553,2560
12508,2485,4659,2576,4829,2661,4989,2677,5019
5892,2459,2260,2479,2278,2453,2255,2451,2253
DP_0_8,2450,2724,2419,2690,2412,2682,2387,2654
11563,2387,4475,2474,4639,2556,4792,2571,4821
13330,2336,2561,2344,2570,2358,2585,2394,2624
11583,2300,2115,2319,2132,2295,2110,2293,2108
DP_0_9,2299,2550,2270,2518,2264,2511,2240,2485
4983,2272,2278,2296,2302,2310,2316,2334,2340
FP_2027_late_0,2239,2341,2211,2312,2205,2305,2182,2281
8167,2186,2192,2209,2215,2222,2228,2245,2251
13346,2184,2190,2207,2213,2220,2226,2243,2249
12489,2183,2006,2201,2023,2178,2002,2176,2000
8228,2171,1996,2189,2013,2166,1992,2164,1990
DP_0_10,2167,2398,2140,2368,2134,2361,2112,2336
2133,2133,2138,2155,2161,2168,2174,2190,2196
8183,2125,3985,2203,4130,2276,4267,2290,4293
9756,2117,2122,2139,2144,2152,2157,2174,2179
5927,2099,2105,2121,2127,2134,2140,2156,2162
6804,2077,3894,2152,4036,2224,4170,2237,4195
10232,2068,2073,2089,2094,2102,2107,2124,2129
13269,2066,3874,2142,4016,2213,4149,2226,4174
DP_0_11,2049,2262,2023,2233,2017,2227,1996,2204
12534,2021,1858,2038,1873,2017,1854,2015,1852
FP_2028_1,2013,2104,1988,2078,1982,2072,1961,2050
12501,1998,2003,2019,2024,2031,2036,2052,2057
13345,1988,1828,2005,1843,1984,1824,1982,1822
3294,1984,3721,2057,3857,2125,3985,2138,4009
9500,1982,1988,2003,2009,2015,2021,2036,2042
4217,1964,2153,1970,2160,1982,2173,2012,2206
11586,1963,1805,1979,1820,1959,1801,1957,1799
7594,1962,1804,1978,1819,1958,1800,1956,1798
DP_1_0,1943,2141,1918,2114,1913,2108,1893,2086
12484,1928,1933,1948,1953,1960,1965,1980,1985
8142,1911,1916,1931,1936,1943,1948,1963,1968
7611,1894,1742,1910,1756,1890,1738,1888,1736
13417,1854,1859,1874,1879,1885,1890,1904,1909
DP_1_1,1847,2032,1824,2007,1819,2001,1800,1980
5846,1843,1848,1863,1868,1874,1879,1893,1898
7021,1831,1683,1846,1696,1827,1679,1825,1677
9754,1819,1824,1838,1843,1849,1854,1868,1873
FP_2027_early_1,1802,1884,1779,1860,1774,1855,1755,1835
13349,1797,1970,1803,1976,1814,1988,1842,2018
FP_2029_1,1794,1876,1771,1852,1766,1847,1747,1827
2216,1790,1795,1809,1814,1820,1825,1839,1844
12522,1781,3340,1847,3462,1908,3577,1919,3599
8126,1772,1777,1791,1796,1802,1807,1820,1825
13293,1766,1770,1784,1789,1795,1800,1813,1818
8131,1763,1933,1768,1939,1779,1951,1806,1981
6819,1762,1767,1780,1785,1791,1796,1809,1814
DP_1_2,1761,1935,1739,1910,1734,1905,1716,1885
13276,1760,1764,1778,1782,1789,1793,1807,1811
13288,1759,1616,1773,1630,1755,1613,1753,1611
10222,1748,1753,1766,1771,1777,1782,1795,1800
12533,1735,1594,1749,1607,1731,1591,1729,1589
6806,1722,1582,1736,1595,1718,1579,1716,1577
10236,1721,1887,1727,1894,1737,1905,1763,1934
9753,1715,1576,1729,1589,1711,1573,1709,1571
12530,1711,1716,1730,1734,1740,1745,1758,1763
3163,1709,3204,1771,3321,1830,3431,1841,3452
5967,1707,1569,1721,1582,1703,1566,1701,1564
12545,1697,3182,1759,3299,1818,3408,1829,3429
DP_1_3,1682,1845,1661,1822,1656,1817,1638,1798
8110,1665,1826,1671,1832,1681,1843,1706,1871
11646,1656,1660,1674,1678,1684,1688,1701,1705
4892,1653,3099,1713,3213,1770,3319,1780,3339
11624,1645,1649,1662,1667,1672,1677,1689,1694
9758,1644,3082,1704,3195,1761,3301,1771,3321
5045,1622,1626,1639,1643,1649,1653,1666,1670
7567,1619,1488,1633,1500,1616,1485,1614,1483
5849,1611,3022,1670,3132,1726,3236,1736,3255
DP_1_4,1610,1764,1589,1742,1585,1737,1568,1719
8408,1604,1475,1618,1487,1601,1472,1599,1470
8132,1586,1458,1599,1470,1583,1455,1581,1453
4037,1563,1567,1579,1583,1589,1593,1605,1609
13305,1556,1431,1569,1443,1553,1428,1551,1426
DP_1_5,1544,1690,1524,1669,1520,1664,1504,1646
12493,1541,1688,1546,1694,1555,1704,1579,1730
8136,1522,1400,1535,1411,1519,1397,1517,1395
FP_2026_2,1513,1655,1494,1634,1490,1630,1474,1613
9225,1502,1381,1514,1392,1499,1378,1497,1376
FP_2027_mid_1,1498,1566,1479,1546,1475,1542,1459,1526
5022,1496,1641,1501,1646,1510,1656,1533,1681
1466,1492,1636,1497,1641,1506,1651,1529,1676
8121,1484,1488,1500,1504,1509,1513,1524,1528
DP_1_6,1483,1621,1464,1600,1460,1596,1444,1579
FP_2027_2,1474,1541,1455,1521,1451,1517,1436,1501
13301,1471,1475,1487,1491,1496,1500,1511,1515
421,1447,2713,1500,2812,1550,2905,1559,2922
DP_1_7,1427,1558,1409,1538,1405,1534,1390,1518
9480,1416,1552,1420,1558,1429,1567,1451,1591
13320,1411,1414,1426,1429,1435,1438,1450,1453
13274,1409,1412,1424,1427,1433,1436,1448,1451
12487,1409,1545,1413,1550,1422,1559,1443,1583
5012,1409,1544,1413,1549,1422,1558,1443,1582
4943,1401,2628,1453,2725,1501,2815,1510,2832
8210,1396,1531,1400,1536,1409,1545,1430,1568
10219,1392,1280,1403,1290,1389,1277,1387,1276
13285,1384,1387,1398,1401,1407,1410,1421,1424
2449,1383,1386,1397,1400,1406,1409,1420,1423
11603,1378,1511,1383,1516,1391,1525,1412,1548
DP_1_8,1374,1500,1357,1481,1353,1477,1339,1461
11576,1370,1259,1381,1269,1367,1256,1366,1255
12469,1368,1258,1379,1268,1365,1255,1364,1254
11638,1368,1371,1383,1386,1391,1394,1405,1408
8134,1364,1368,1379,1383,1387,1391,1401,1405
5844,1350,1480,1355,1485,1363,1494,1384,1517
13413,1348,1352,1363,1367,1371,1375,1385,1389
11655,1343,1234,1354,1244,1340,1231,1339,1230
11618,1339,1342,1353,1356,1361,1364,1375,1378
12474,1333,1226,1344,1236,1330,1223,1329,1222
9511,1330,1222,1341,1232,1327,1220,1326,1219
DP_1_9,1325,1445,1308,1427,1305,1423,1291,1408
8154,1321,1214,1332,1224,1318,1212,1317,1211
13311,1319,1323,1333,1337,1341,1345,1355,1359
5947,1318,1322,1332,1336,1340,1344,1354,1358
13296,1305,1309,1319,1323,1327,1331,1340,1344
12492,1305,1308,1319,1322,1327,1330,1340,1343
8676,1305,1309,1319,1323,1327,1331,1340,1344
12502,1304,1430,1308,1434,1316,1443,1336,1465
FP_2028_2,1301,1361,1284,1344,1281,1340,1267,1326
FP_2027_late_1,1299,1358,1282,1341,1279,1337,1265,1323
12509,1295,1299,1309,1313,1317,1321,1330,1334
9228,1286,2412,1334,2500,1378,2583,1386,2598
DP_1_10,1281,1395,1264,1378,1261,1374,1248,1359
4199,1278,1175,1288,1185,1275,1173,1274,1172
4035,1275,1171,1285,1181,1272,1169,1271,1168
9508,1268,1165,1278,1175,1265,1163,1264,1162
5872,1256,1259,1269,1272,1277,1280,1290,1293
11581,1251,1149,1261,1159,1248,1147,1247,1146
DP_1_11,1238,1348,1222,1331,1219,1327,1206,1313
8205,1228,1129,1238,1138,1225,1127,1224,1126
12535,1227,1231,1240,1244,1248,1252,1261,1265
FP_2029_2,1225,1281,1209,1264,1206,1261,1193,1248
DP_2_0,1198,1304,1183,1287,1180,1284,1167,1270
8161,1194,2239,1238,2321,1279,2398,1286,2412
9502,1191,1194,1204,1207,1211,1214,1223,1226
3214,1190,1304,1194,1308,1201,1316,1219,1336
11610,1187,1190,1200,1203,1207,1210,1219,1222
13337,1183,1088,1193,1097,1181,1086,1180,1085
7002,1183,1297,1187,1301,1194,1309,1212,1329
5870,1178,2208,1221,2289,1262,2365,1269,2379
11637,1164,1167,1177,1180,1184,1187,1196,1199
DP_2_1,1162,1263,1147,1247,1144,1244,1132,1231
8180,1162,1165,1175,1178,1182,1185,1194,1197
FP_2027_early_2,1145,1198,1131,1183,1128,1180,1116,1167
9486,1144,1148,1156,1160,1163,1167,1175,1179
13275,1134,2126,1176,2204,1215,2277,1222,2291
13347,1129,1038,1138,1047,1127,1036,1126,1035
DP_2_2,1127,1225,1113,1209,1110,1206,1098,1193
11625,1114,1117,1126,1129,1133,1136,1144,1147
12504,1101,1012,1110,1020,1099,1010,1098,1009
DP_2_3,1094,1188,1080,1173,1077,1170,1065,1157
10213,1094,1097,1105,1108,1112,1115,1123,1126
DP_2_4,1063,1154,1050,1139,1047,1136,1036,1124
13317,1054,1056,1065,1067,1072,1074,1083,1085
7049,1050,1053,1061,1064,1068,1071,1079,1082
13414,1038,954,1047,962,1036,952,1035,951
6783,1037,1040,1048,1051,1055,1058,1066,1069
DP_2_5,1034,1121,1021,1107,1018,1104,1007,1092
13405,1031,948,1039,956,1029,946,1028,945
12457,1030,947,1038,955,1028,945,1027,944
FP_2027_mid_2,1027,1073,1014,1060,1011,1057,1000,1046
FP_2027_3,1021,1068,1009,1055,1006,1052,995,1041
FP_2026_3,1019,1106,1007,1092,1004,1089,993,1077
DP_2_6,1006,1091,994,1077,991,1074,980,1062
DP_2_7,980,1062,967,1049,965,1046,955,1035
9504,976,978,986,989,992,995,1002,1005
5001,976,1070,979,1073,985,1080,1000,1096
DP_2_8,954,1035,942,1022,940,1019,930,1008
FP_2027_late_2,936,980,924,967,922,965,912,955
DP_2_9,931,1008,919,996,917,993,907,982
12495,923,849,930,856,921,847,920,846
FP_2029_3,912,953,900,941,898,939,888,929
FP_2028_3,911,952,899,940,897,938,887,928
8172,911,998,914,1002,920,1008,934,1023
DP_2_10,909,984,897,971,895,969,885,959
12497,905,907,914,916,920,922,929,931
13272,899,1685,932,1747,963,1805,968,1816
11627,893,896,902,905,908,911,917,920
DP_2_11,887,959,876,947,874,945,865,935
12483,871,874,880,883,886,889,895,898
DP_3_0,867,937,856,925,854,923,845,913
13268,867,870,876,879,882,885,891,894
11647,866,795,873,802,864,794,863,793
FP_2027_early_3,863,902,852,890,850,888,841,878
8111,863,946,866,949,871,955,884,969
DP_3_1,847,916,836,904,834,902,825,892
11643,843,774,849,781,841,773,840,772
13421,834,914,837,917,842,923,855,937
DP_3_2,828,895,818,884,816,882,807,872
DP_3_3,810,876,800,865,798,863,789,854
FP_2027_mid_3,801,838,791,827,789,825,780,816
FP_2027_4,801,838,791,827,789,825,780,816
12499,800,802,809,811,814,816,822,824
11559,797,1495,826,1549,854,1601,859,1610
DP_3_4,793,857,783,846,781,844,772,835
4033,791,868,794,870,799,876,811,889
6768,784,1471,813,1525,840,1576,845,1585
DP_3_5,777,840,767,829,765,827,757,818
12498,774,849,777,852,782,857,794,870
13289,772,1448,800,1501,827,1551,832,1560
6803,772,774,780,782,785,787,793,795
13302,771,709,778,715,770,708,769,707
FP_2026_4,770,830,760,820,758,818,750,809
12536,769,771,777,779,782,784,790,792
3321,762,764,770,772,775,777,783,785
DP_3_6,761,822,752,812,750,810,742,801
FP_2029_4,761,796,752,786,750,784,742,775
FP_2028_4,754,789,745,779,743,777,735,769
DP_3_7,746,805,737,795,735,793,727,784
FP_2027_late_3,740,775,731,765,729,763,721,755
7600,738,808,740,811,745,816,756,828
DP_3_8,732,790,723,780,721,778,713,769
12524,729,1367,756,1417,781,1464,785,1473
11575,726,667,732,673,725,666,724,665
12521,720,788,722,791,727,796,738,808
DP_3_9,718,775,709,765,707,763,699,755
3257,714,1340,740,1389,765,1435,769,1443
1373,713,1338,739,1387,764,1433,768,1441
11565,710,1333,736,1382,761,1428,765,1436
DP_3_10,705,759,696,750,694,748,686,740
11589,698,642,704,647,697,641,696,640
DP_3_11,691,745,683,736,681,734,673,726
96,691,1295,716,1342,740,1387,744,1395
4981,687,688,694,695,699,700,706,707
4137,684,629,690,634,683,628,682,627
12467,674,620,680,625,673,619,672,618
11571,674,620,680,625,673,619,672,618
13402,673,675,681,683,685,687,692,694
11783,663,665,670,672,674,676,681,683
1166,636,1194,660,1238,682,1279,686,1286
4017,616,1156,638,1198,660,1238,664,1245
2505,616,675,618,678,622,682,631,692
13319,605,662,607,665,611,669,620,679
4039,603,605,609,611,613,615,619,621
12547,587,588,593,594,597,598,603,604
9506,584,537,589,541,583,536,582,535
11626,578,580,584,586,588,590,594,596
8698,576,632,578,634,582,638,590,647
13533,575,576,581,582,585,586,591,592
9482,573,629,575,631,579,635,587,644
12540,568,569,574,575,578,579,584,585
12471,537,493,541,497,536,492,535,491
13353,533,535,538,540,542,544,547,549
7571,533,534,538,539,542,543,547,548
11597,517,567,519,569,522,573,530,581
7090,502,503,508,509,511,512,516,517
13411,499,500,505,506,508,509,513,514
13278,498,547,500,548,503,552,510,560
4066,475,521,477,522,480,526,487,534
12544,466,429,469,432,465,428,464,427
13329,451,452,456,457,459,460,463,464
1479,434,435,439,440,442,443,446,447
12503,433,434,438,439,441,442,445,446
9229,433,813,449,843,464,871,466,876
7527,418,784,433,813,448,840,450,845
13420,415,416,419,420,422,423,426,427
12048,415,381,418,385,414,381,413,380
13400,414,453,415,455,418,458,424,465
13324,401,440,402,441,405,444,411,450
13424,385,354,389,357,385,354,384,353
12485,377,378,381,382,384,385,388,389
13423,355,326,358,329,355,326,354,325
9494,352,353,355,356,358,359,361,362
11435,349,321,352,324,349,321,348,320
13303,337,631,349,654,361,676,363,680
11600,331,362,332,363,334,366,339,371
12531,330,303,333,306,330,303,329,302
12476,329,302,332,305,329,302,328,301
6865,328,359,329,360,331,363,336,368
11834,321,322,325,326,327,328,330,331
12510,319,597,331,619,342,640,344,643
5995,297,273,300,275,297,273,296,272
4950,291,292,294,295,296,297,299,300
7591,287,539,298,559,308,578,309,581
6826,283,311,284,312,286,314,290,318
12541,268,269,271,272,273,274,275,276
9479,256,281,257,282,259,284,262,288
13403,254,233,256,235,254,233,253,232
13380,254,254,257,257,259,259,261,261
11370,248,228,250,230,248,228,247,227
4993,248,273,249,274,251,276,254,280
13348,244,225,246,227,244,225,243,224
8188,234,235,236,237,238,239,240,241
12505,228,229,230,231,232,233,234,235
8119,225,226,227,228,229,230,231,232
13434,224,246,225,247,227,249,230,252
13307,218,239,218,240,220,242,223,245
13297,217,217,219,219,221,221,223,223
12543,215,198,217,200,215,198,214,197
5848,215,215,217,217,219,219,221,221
13338,214,214,216,216,218,218,220,220
7528,213,196,215,198,213,196,212,195
13394,205,206,207,208,209,210,211,212
13315,203,187,205,188,203,187,202,186
9501,203,204,205,206,207,208,209,210
13282,199,218,199,218,201,220,204,223
12641,198,199,200,201,202,203,204,205
19,192,361,199,374,206,387,207,389
13333,190,191,192,193,194,195,196,197
13401,187,205,187,205,189,207,191,210
11630,183,183,185,185,187,187,188,188
13418,182,167,183,168,182,167,181,166
13477,176,177,177,178,179,180,180,181
13408,171,188,172,188,173,190,175,192
8800,171,157,172,158,171,157,170,156
10226,168,168,170,170,171,171,172,172
12511,165,310,171,321,177,332,178,334
8117,162,162,164,164,165,165,166,166
2306,161,302,167,313,173,324,174,325
12455,159,146,160,147,159,146,158,145
11596,159,174,160,174,161,176,163,178
8143,158,145,159,146,158,145,157,144
9757,157,144,158,145,157,144,156,143
11592,155,170,156,171,157,172,159,174
5906,150,165,151,166,152,167,154,169
7828,148,163,149,164,150,165,152,167
8135,147,148,149,150,150,151,151,152
13322,146,161,147,162,148,163,150,165
12482,142,143,144,145,145,146,146,147
9481,142,156,143,157,144,158,146,160
12500,132,249,137,258,142,267,142,268
11569,129,119,130,120,129,119,128,118
13306,126,236,130,244,135,253,135,254
4147,126,116,127,117,126,116,125,115
12470,117,221,121,229,126,237,126,238
6149,117,117,118,118,119,119,120,120
6130,110,101,111,102,110,101,109,100
13270,109,109,110,110,111,111,112,112
13404,107,201,111,209,115,216,115,217
13415,105,197,109,205,113,212,113,213
13392,102,102,103,103,104,104,105,105
11650,102,102,103,103,104,104,105,105
13491,99,100,100,101,101,102,102,103
11651,96,89,97,89,96,89,95,88
11557,95,178,98,184,102,191,102,192
7608,92,84,92,84,92,84,91,83
2078,90,90,91,91,92,92,92,92
6271,90,90,91,91,92,92,92,92
10444,90,90,91,91,92,92,92,92
7670,89,89,90,90,91,91,91,91
13079,86,87,87,88,88,89,88,89
11562,79,148,82,153,85,159,85,159
11577,79,73,79,73,79,73,78,72
8122,77,71,77,71,77,71,76,70
7585,77,144,80,150,83,155,83,155
4177,73,73,74,74,75,75,75,75
11579,72,66,72,66,72,66,71,65
8917,67,67,68,68,69,69,69,69
8147,66,66,67,67,68,68,68,68
11199,62,57,62,57,62,57,61,56
12738,62,57,62,57,62,57,61,56
10235,62,57,62,57,62,57,61,56
2307,61,116,63,121,66,125,66,125
6039,59,54,59,54,59,54,58,53
12670,59,59,59,59,60,60,60,60
12472,57,53,57,53,57,53,56,52
4018,57,52,57,52,57,52,56,51
8139,53,48,53,48,53,48,52,47
4144,52,57,52,57,53,58,53,58
11256,51,96,53,99,55,103,55,103
11629,50,50,50,50,51,51,51,51
13602,49,92,51,95,53,99,53,99
4454,49,49,49,49,50,50,50,50
12516,46,42,46,42,46,42,45,41
9999,43,82,45,85,47,88,47,88
1339,43,48,43,48,44,49,44,49
7083,39,73,40,76,42,79,42,79
8127,36,39,36,39,37,40,37,40
11439,36,33,36,33,36,33,35,32
12542,35,35,35,35,36,36,36,36
6136,31,58,32,60,34,63,34,63
7610,31,59,32,61,34,64,34,64
7587,28,29,28,29,29,30,29,30
11608,27,27,27,27,28,28,28,28
6011,23,42,24,44,25,46,25,46
11599,21,23,21,23,22,24,22,24
6828,21,19,21,19,21,19,20,18
9230,19,36,20,37,21,39,21,39
7538,19,36,20,37,21,39,21,39
13150,18,18,18,18,19,19,19,19
7496,16,16,16,16,17,17,17,17
4179,14,25,14,26,15,27,15,27
6869,11,12,11,12,12,13,12,13
11748,8,8,8,8,9,9,9,9
4098,8,7,8,7,8,7,7,6
5854,1,4,1,4,2,5,2,5
